ID,Language_ID,Parameter_ID,Value,Code_ID,Comment,Source
1-2,1,2,3,,,
1-3,1,3,1,,,
1-8,1,8,6,,,
1-9,1,9,3,,,
1-11,1,11,9,,,
1-12,1,12,4,,,
1-13,1,13,0,,,
1-14,1,14,5,,,
1-15,1,15,13,,,
1-16,1,16,"0,69",,,
1-19,1,19,A,,,
1-20,1,20,A,,,
1-21,1,21,A,,,
1-22,1,22,A,,,
1-23,1,23,N,,,
1-25,1,25,Y,,,
1-26,1,26,2,,,
1-31,1,31,Y,,,
1-32,1,32,Y,,,
1-34,1,34,N,,,
1-35,1,35,3,,,
1-39,1,39,--,,,
1-40,1,40,Y,,,
1-41,1,41,Y,,,
2-2,2,2,2,,,
2-3,2,3,2,,,
2-8,2,8,6,,,
2-9,2,9,2,,,
2-11,2,11,8,,,
2-12,2,12,4,,,
2-13,2,13,0,,,
2-14,2,14,4,,,
2-15,2,15,12,,,
2-16,2,16,"0,67",,,
2-19,2,19,A,,,
2-20,2,20,A,,,
2-21,2,21,A,,,
2-22,2,22,A,,,
2-23,2,23,N,,,
2-24,2,24,Y,,,
2-25,2,25,Y,,,
2-26,2,26,2,,,
2-27,2,27,Y,,,
2-29,2,29,Y,,,
2-31,2,31,Y,,,
2-34,2,34,N,,,
2-35,2,35,3,,,
2-39,2,39,?,,,
2-40,2,40,Y,,,
2-41,2,41,Y,,,
3-2,3,2,2,,,
3-3,3,3,0,,,
3-6,3,6,1,,,
3-8,3,8,0,,,
3-9,3,9,3,,,
3-11,3,11,2,,,
3-12,3,12,3,,,
3-13,3,13,0,,,
3-14,3,14,-1,,,
3-15,3,15,5,,,
3-16,3,16,"0,4",,,
3-19,3,19,N,,,
3-20,3,20,N,,,
3-21,3,21,A/N,,,
3-22,3,22,A,,,
3-23,3,23,Y,,,
3-24,3,24,Y,,,
3-25,3,25,Y,,,
3-26,3,26,15?,,,
3-27,3,27,Y,,,
3-29,3,29,Y,,,
3-31,3,31,Y,,,
3-32,3,32,Y,,,
3-34,3,34,Y,,,
3-35,3,35,2,,,
3-39,3,39,n/a,,,
3-40,3,40,Y,,,
3-41,3,41,Y,,,
3-42,3,42,Y,,,
3-43,3,43,Y,,,
4-2,4,2,3,,,
4-3,4,3,0,,,
4-6,4,6,2,,,
4-8,4,8,5,,,
4-9,4,9,2,,,
4-11,4,11,8,,,
4-12,4,12,2,,,
4-13,4,13,0,,,
4-14,4,14,6,,,
4-15,4,15,10,,,
4-16,4,16,"0,8",,,
4-19,4,19,A,,,
4-20,4,20,N,,,
4-21,4,21,A,,,
4-22,4,22,A,,,
4-23,4,23,N,,,
4-25,4,25,N,,,
4-34,4,34,N,,,
4-35,4,35,3,,,
4-36,4,36,N,,,
4-37,4,37,Y,,,
4-38,4,38,Y,,,
4-39,4,39,Y,,,
4-40,4,40,Y,,,
5-2,5,2,2,,,
5-3,5,3,1,,,
5-7,5,7,1,,,
5-8,5,8,4,,,
5-9,5,9,1,,,
5-10,5,10,1,,,
5-11,5,11,6,,,
5-12,5,12,2,,,
5-13,5,13,1,,,
5-14,5,14,3,,,
5-15,5,15,9,,,
5-16,5,16,"0,67",,,
5-19,5,19,A,,,
5-20,5,20,N,,,
5-21,5,21,N/A,,,
5-22,5,22,A,,,
5-23,5,23,N,,,
5-24,5,24,Y,,,
5-34,5,34,N,,,
5-35,5,35,2,,,
5-37,5,37,Y,,,
5-39,5,39,Y,,,
6-2,6,2,2,,,
6-3,6,3,2,,,
6-6,6,6,0,,,
6-7,6,7,2,,,
6-8,6,8,5,,,
6-9,6,9,2,,,
6-11,6,11,7,,,
6-12,6,12,4,,,
6-13,6,13,0,,,
6-14,6,14,3,,,
6-15,6,15,11,,,
6-16,6,16,"0,61",,,
6-19,6,19,N,,,
6-20,6,20,N,,,
6-21,6,21,A,,,
6-22,6,22,A,,,
6-23,6,23,N,,,
6-25,6,25,Y,,,
6-26,6,26,2,,,
6-29,6,29,Y,,,
6-32,6,32,Y,,,
6-34,6,34,N,,,
6-35,6,35,2,,,
6-40,6,40,Y,,,
6-41,6,41,Y,,,
7-2,7,2,2,,,
7-3,7,3,0,,,
7-8,7,8,6,,,
7-9,7,9,2,,,
7-11,7,11,8,,,
7-12,7,12,2,,,
7-13,7,13,0,,,
7-14,7,14,6,,,
7-15,7,15,10,,,
7-16,7,16,"0,8",,,
7-19,7,19,A/n,,,
7-20,7,20,A/n,,,
7-21,7,21,A,,,
7-22,7,22,A,,,
7-23,7,23,Y,,,
7-25,7,25,N,,,
7-35,7,35,1.5,,,
7-39,7,39,N,,,
7-40,7,40,Y,,,
7-41,7,41,Y,,,
7-42,7,42,Y,,,
8-2,8,2,0,,,
8-3,8,3,0,,,
8-4,8,4,1,,,
8-6,8,6,0,,,
8-7,8,7,0,,,
8-8,8,8,0,,,
8-9,8,9,1,,,
8-11,8,11,0,,,
8-12,8,12,1,,,
8-13,8,13,1,,,
8-14,8,14,-2,,,
8-15,8,15,2,,,
8-16,8,16,0,,,
8-19,8,19,N,,,
8-20,8,20,N,,,
8-21,8,21,N/e,,,
8-22,8,22,N,,,
8-23,8,23,?,,,
8-24,8,24,Y,,,
8-25,8,25,Y,,,
8-26,8,26,5,,,
8-31,8,31,Y,,,
8-34,8,34,N,,,
8-35,8,35,2,,,
8-39,8,39,n/a,,,
8-41,8,41,Y,,,
9-2,9,2,3,,,
9-3,9,3,0,,,
9-5,9,5,NP,,,
9-6,9,6,2,,,
9-8,9,8,2,,,
9-9,9,9,0,,,
9-11,9,11,5,,,
9-12,9,12,0,,,
9-13,9,13,0,,,
9-14,9,14,5,,,
9-15,9,15,5,,,
9-16,9,16,1,,,
9-19,9,19,N?,,,
9-20,9,20,N?,,,
9-21,9,21,N?,,,
9-22,9,22,N?,,,
9-23,9,23,N,,,
9-24,9,24,Y,,,
9-25,9,25,N,,,
9-34,9,34,N,,,
9-35,9,35,2.5,,,
9-39,9,39,n/a,,,
10-2,10,2,3,,,
10-3,10,3,0,,,
10-6,10,6,2,,,
10-7,10,7,0,,,
10-8,10,8,0,,,
10-9,10,9,6,,,
10-11,10,11,3,,,
10-12,10,12,6,,,
10-13,10,13,0,,,
10-14,10,14,-3,,,
10-15,10,15,9,,,
10-16,10,16,"0,33",,,
10-19,10,19,N,,,
10-20,10,20,N,,,
10-21,10,21,A,,,
10-22,10,22,A,,,
10-23,10,23,N,,,
10-24,10,24,Y,,,
10-25,10,25,Y,,,
10-26,10,26,12,,,
10-27,10,27,Y,,,
10-28,10,28,Y,,,
10-29,10,29,Y,,,
10-32,10,32,Y,,,
10-33,10,33,Y,,,
10-34,10,34,N,,,
10-35,10,35,2,,,
10-39,10,39,n/a,,,
10-40,10,40,Y,,,
10-41,10,41,Y,,,
10-44,10,44,Y,,,
11-2,11,2,3,,,
11-3,11,3,1,,,
11-8,11,8,4,,,
11-9,11,9,3,,,
11-11,11,11,7,,,
11-12,11,12,4,,,
11-13,11,13,0,,,
11-14,11,14,3,,,
11-15,11,15,11,,,
11-16,11,16,"0,64",,,
11-19,11,19,A,,,
11-20,11,20,A,,,
11-21,11,21,A,,,
11-22,11,22,A,,,
11-23,11,23,N,,,
11-25,11,25,Y,,,
11-26,11,26,2,,,
11-27,11,27,Y,,,
11-34,11,34,N,,,
11-35,11,35,1,,,
11-39,11,39,--,,,
11-40,11,40,Y,,,
11-41,11,41,Y,,,
11-42,11,42,Y,,,
11-44,11,44,Y,,,
12-2,12,2,0,,,
12-3,12,3,0,,,
12-6,12,6,0,,,
12-7,12,7,0,,,
12-8,12,8,4,,,
12-9,12,9,0,,,
12-11,12,11,4,,,
12-12,12,12,0,,,
12-13,12,13,0,,,
12-14,12,14,1,,,
12-15,12,15,4,,,
12-16,12,16,1,,,
12-20,12,20,N/A,,,
12-21,12,21,N,,,
12-22,12,22,N,,,
12-25,12,25,N,,,
12-34,12,34,N,,,
12-35,12,35,3,,,
12-39,12,39,n/a,,,
12-40,12,40,?,,,
12-41,12,41,Y,,,
12-42,12,42,Y,,,
13-2,13,2,2,,,
13-3,13,3,0,,,
13-6,13,6,0,,,
13-7,13,7,0,,,
13-8,13,8,4,,,
13-9,13,9,2,,,
13-11,13,11,6,,,
13-12,13,12,2,,,
13-13,13,13,0,,,
13-14,13,14,4,,,
13-15,13,15,8,,,
13-16,13,16,"0,75",,,
13-19,13,19,A,,,
13-20,13,20,A,,,
13-21,13,21,A,,,
13-22,13,22,A,,,
13-23,13,23,Y,,,
13-24,13,24,Y,,,
13-25,13,25,Y,,,
13-26,13,26,3,,,
13-27,13,27,Y,,,
13-31,13,31,Y,,,
13-32,13,32,Y,,,
13-34,13,34,N,,,
13-35,13,35,3,,,
13-39,13,39,--,,,
13-41,13,41,Y,,,
13-43,13,43,Y,,,
14-2,14,2,3,,,
14-3,14,3,0,,,
14-8,14,8,4,,,
14-9,14,9,3,,,
14-11,14,11,7,,,
14-12,14,12,3,,,
14-13,14,13,0,,,
14-14,14,14,4,,,
14-15,14,15,10,,,
14-16,14,16,"0,7",,,
14-19,14,19,A,,,
14-20,14,20,A,,,
14-21,14,21,A,,,
14-22,14,22,A,,,
14-23,14,23,N,,,
14-34,14,34,N,,,
14-35,14,35,3,,,
14-39,14,39,--,,,
14-40,14,40,Y,,,
14-41,14,41,Y,,,
15-2,15,2,3,,,
15-3,15,3,0,,,
15-8,15,8,0,,,
15-9,15,9,4,,,
15-11,15,11,3,,,
15-12,15,12,4,,,
15-13,15,13,0,,,
15-14,15,14,-1,,,
15-15,15,15,7,,,
15-16,15,16,"0,43",,,
15-19,15,19,N,,,
15-20,15,20,N,,,
15-21,15,21,A,,,
15-22,15,22,A,,,
15-23,15,23,N,,,
15-25,15,25,Y,,,
15-26,15,26,6,,,
15-27,15,27,Y,,,
15-29,15,29,Y,,,
15-34,15,34,N,,,
15-35,15,35,3,,,
15-39,15,39,n/a,,,
16-2,16,2,3,,,
16-3,16,3,0,,,
16-6,16,6,2,,,
16-8,16,8,6,,,
16-9,16,9,2,,,
16-11,16,11,9,,,
16-12,16,12,2,,,
16-13,16,13,0,,,
16-14,16,14,7,,,
16-15,16,15,11,,,
16-16,16,16,"0,82",,,
16-19,16,19,A,,,
16-20,16,20,A,,,
16-21,16,21,A,,,
16-22,16,22,A,,,
16-23,16,23,N,,,
16-25,16,25,Y,,,
16-26,16,26,2,,,
16-28,16,28,Y,,,
16-29,16,29,Y,,,
16-32,16,32,Y,,,
16-34,16,34,N,,,
16-35,16,35,3,,,
16-37,16,37,Y,,,
16-39,16,39,Y,,,
16-40,16,40,Y,,,
16-41,16,41,Y,,,
17-2,17,2,1,,,
17-3,17,3,0,,,
17-6,17,6,0,,,
17-8,17,8,0,,,
17-9,17,9,3,,,
17-11,17,11,1,,,
17-12,17,12,3,,,
17-13,17,13,0,,,
17-14,17,14,-2,,,
17-15,17,15,4,,,
17-16,17,16,"0,25",,,
17-19,17,19,N,,,
17-20,17,20,N,,,
17-21,17,21,A,,,
17-22,17,22,A,,,
17-23,17,23,N,,,
17-25,17,25,Y,,,
17-28,17,28,Y,,,
17-34,17,34,N,,,
17-35,17,35,3,,,
17-39,17,39,n/a,,,
17-40,17,40,Y,,,
17-41,17,41,Y,,,
17-44,17,44,Y,,,
18-2,18,2,1,,,
18-3,18,3,0,,,
18-6,18,6,0,,,
18-8,18,8,2,,,
18-9,18,9,0,,,
18-11,18,11,3,,,
18-12,18,12,0,,,
18-13,18,13,0,,,
18-14,18,14,3,,,
18-15,18,15,3,,,
18-16,18,16,1,,,
18-19,18,19,N,,,
18-20,18,20,N,,,
18-21,18,21,N,,,
18-22,18,22,N,,,
18-23,18,23,N,,,
18-25,18,25,N,,,
18-34,18,34,N,,,
18-35,18,35,2,,,
18-39,18,39,n/a,,,
19-3,19,3,2,,,
19-6,19,6,1,,,
19-8,19,8,4,,,
19-9,19,9,0,,,
19-11,19,11,4,,,
19-12,19,12,2,,,
19-13,19,13,0,,,
19-14,19,14,2,,,
19-15,19,15,6,,,
19-16,19,16,"0,67",,,
19-19,19,19,A,,,
19-20,19,20,N,,,
19-21,19,21,N/A,,,
19-22,19,22,A,,,
19-23,19,23,N,,,
19-34,19,34,N,,,
19-35,19,35,2,,,
19-39,19,39,n/a,,,
19-41,19,41,Y,,,
20-2,20,2,3,,,
20-3,20,3,2,,,
20-6,20,6,2,,,
20-7,20,7,1,,,
20-8,20,8,6,,,
20-9,20,9,3,,,
20-11,20,11,9,,,
20-12,20,12,5,,,
20-13,20,13,0,,,
20-14,20,14,4,,,
20-15,20,15,14,,,
20-16,20,16,"0,64",,,
20-19,20,19,A,,,
20-20,20,20,A,,,
20-21,20,21,A,,,
20-22,20,22,A,,,
20-23,20,23,N,,,
20-24,20,24,--,,,
20-25,20,25,Y,,,
20-26,20,26,2,,,
20-27,20,27,Y,,,
20-28,20,28,Y,,,
20-35,20,35,3,,,
20-39,20,39,--,,,
20-40,20,40,Y,,,
20-41,20,41,Y,,,
21-2,21,2,3,,,
21-3,21,3,0,,,
21-8,21,8,0,,,
21-9,21,9,4,,,
21-11,21,11,3,,,
21-12,21,12,4,,,
21-13,21,13,0,,,
21-14,21,14,-1,,,
21-15,21,15,7,,,
21-16,21,16,"0,43",,,
21-19,21,19,N,,,
21-20,21,20,N,,,
21-21,21,21,S?/E,,,
21-22,21,22,S?,,,
21-23,21,23,N,,,
21-24,21,24,?,,,
21-25,21,25,Y,,,
21-26,21,26,2,,,
21-27,21,27,Y,,,
21-29,21,29,Y,,,
21-35,21,35,3,,,
21-39,21,39,n/a,,,
22-2,22,2,3,,,
22-3,22,3,1,,,
22-6,22,6,2,,,
22-7,22,7,1,,,
22-8,22,8,6,,,
22-9,22,9,2,,,
22-10,22,10,1,,,
22-11,22,11,9,,,
22-12,22,12,3,,,
22-13,22,13,1,,,
22-14,22,14,5,,,
22-15,22,15,13,,,
22-16,22,16,"0,69",,,
22-19,22,19,A,,,
22-20,22,20,AIE,,,
22-21,22,21,A,,,
22-22,22,22,A,,,
22-23,22,23,N,,,
22-24,22,24,Y,,,
22-25,22,25,Y,,,
22-26,22,26,2,,,
22-27,22,27,Y,,,
22-29,22,29,Y,,,
22-32,22,32,Y,,,
22-35,22,35,3,,,
22-39,22,39,--,,,
22-40,22,40,Y,,,
22-41,22,41,Y,,,
23-2,23,2,2,,,
23-3,23,3,1,,,
23-6,23,6,2,,,
23-7,23,7,2,,,
23-8,23,8,6,,,
23-9,23,9,2,,,
23-10,23,10,1,,,
23-11,23,11,8,,,
23-12,23,12,3,,,
23-13,23,13,1,,,
23-14,23,14,4,,,
23-15,23,15,12,,,
23-16,23,16,"0,67",,,
23-19,23,19,E,,,
23-20,23,20,E,,,
23-21,23,21,3?,,,
23-22,23,22,E,,,
23-23,23,23,N,,,
23-24,23,24,-,,,
23-25,23,25,N,,,
23-35,23,35,3,,,
23-39,23,39,--,,,
23-40,23,40,Y,,,
23-41,23,41,Y,,,
24-2,24,2,1,,,
24-3,24,3,2,,,
24-6,24,6,1,,,
24-8,24,8,6,,,
24-9,24,9,6,,,
24-11,24,11,7,,,
24-12,24,12,8,,,
24-13,24,13,0,,,
24-14,24,14,-1,,,
24-15,24,15,15,,,
24-16,24,16,"0,47",,,
24-19,24,19,A,,,
24-20,24,20,E,,,
24-21,24,21,E/a,,,
24-22,24,22,E,,,
24-23,24,23,N,,,
24-24,24,24,-,,,
24-25,24,25,Y,,,
24-26,24,26,2,,,
24-31,24,31,Y,,,
24-32,24,32,Y,,,
24-33,24,33,Y,,,
24-35,24,35,3,,,
24-38,24,38,Y,,,
24-39,24,39,Y,,,
25-2,25,2,0,,,
25-3,25,3,2,,,
25-6,25,6,0,,,
25-7,25,7,2,,,
25-8,25,8,0,,,
25-9,25,9,6,,,
25-11,25,11,0,,,
25-12,25,12,8,,,
25-13,25,13,0,,,
25-14,25,14,-8,,,
25-15,25,15,8,,,
25-16,25,16,0,,,
25-19,25,19,N,,,
25-20,25,20,N,,,
25-21,25,21,E,,,
25-22,25,22,E,,,
25-23,25,23,N,,,
25-24,25,24,N,,,
25-25,25,25,N,,,
25-35,25,35,3,,,
25-39,25,39,n/a,,,
25-41,25,41,Y,,,
26-2,26,2,2,,,
26-3,26,3,0,,,
26-6,26,6,2,,,
26-7,26,7,0,,,
26-8,26,8,4,,,
26-9,26,9,2,,,
26-11,26,11,6,,,
26-12,26,12,2,,,
26-13,26,13,0,,,
26-14,26,14,4,,,
26-15,26,15,8,,,
26-16,26,16,"0,75",,,
26-19,26,19,A,,,
26-20,26,20,A,,,
26-21,26,21,A,,,
26-22,26,22,A,,,
26-23,26,23,N,,,
26-24,26,24,-,,,
26-25,26,25,N,,,
26-34,26,34,N,,,
26-35,26,35,3,,,
26-39,26,39,--,,,
26-40,26,40,Y,,,
27-2,27,2,2,,,
27-3,27,3,0,,,
27-6,27,6,2,,,
27-7,27,7,0,,,
27-8,27,8,6,,,
27-9,27,9,6,,,
27-11,27,11,8,,,
27-12,27,12,6,,,
27-13,27,13,0,,,
27-14,27,14,2,,,
27-15,27,15,14,,,
27-16,27,16,"0,57",,,
27-19,27,19,E?,,,
27-20,27,20,E,,,
27-21,27,21,E,,,
27-22,27,22,E,,,
27-23,27,23,N,,,
27-24,27,24,-,,,
27-25,27,25,N,,,
27-34,27,34,N,,,
27-35,27,35,3,,,
27-39,27,39,--,,,
27-40,27,40,Y,,,
27-41,27,41,Y,,,
27-42,27,42,Y,,,
28-2,28,2,3,,,
28-3,28,3,0,,,
28-6,28,6,2,,,
28-7,28,7,0,,,
28-8,28,8,6,,,
28-9,28,9,2,,,
28-11,28,11,9,,,
28-12,28,12,2,,,
28-13,28,13,0,,,
28-14,28,14,7,,,
28-15,28,15,11,,,
28-16,28,16,"0,82",,,
28-19,28,19,E,,,
28-20,28,20,E,,,
28-21,28,21,E,,,
28-22,28,22,E,,,
28-23,28,23,Y,,,
28-24,28,24,N,,,
28-25,28,25,Y,,,
28-26,28,26,5,,,
28-27,28,27,y,,,
28-29,28,29,y,,,
28-33,28,33,Y,,,
28-34,28,34,N,,,
28-35,28,35,3,,,
28-41,28,41,Y,,,
29-2,29,2,2,,,
29-3,29,3,0,,,
29-6,29,6,1,,,
29-7,29,7,0,,,
29-8,29,8,2,,,
29-9,29,9,0,,,
29-11,29,11,4,,,
29-12,29,12,0,,,
29-13,29,13,0,,,
29-14,29,14,4,,,
29-15,29,15,4,,,
29-16,29,16,1,,,
29-19,29,19,A,,,
29-20,29,20,N,,,
29-21,29,21,A,,,
29-22,29,22,A,,,
29-23,29,23,N,,,
29-24,29,24,N,,,
29-25,29,25,N,,,
29-34,29,34,N,,,
29-35,29,35,2,,,
29-39,29,39,n/a,,,
29-40,29,40,Y,,,
30-2,30,2,3,,,
30-3,30,3,0,,,
30-6,30,6,0,,,
30-7,30,7,0,,,
30-8,30,8,2,,,
30-9,30,9,6,,,
30-11,30,11,5,,,
30-12,30,12,6,,,
30-13,30,13,0,,,
30-14,30,14,-1,,,
30-15,30,15,11,,,
30-16,30,16,"0,45",,,
30-19,30,19,N,,,
30-20,30,20,N,,,
30-21,30,21,A,,,
30-22,30,22,A,,,
30-23,30,23,N,,,
30-24,30,24,N,,,
30-25,30,25,Y,,,
30-26,30,26,2,,,
30-28,30,28,Y,,,
30-29,30,29,Y,,,
30-31,30,31,Y,,,
30-34,30,34,N,,,
30-35,30,35,1,,,
30-39,30,39,--,,,
30-40,30,40,Y,,,
31-2,31,2,2,,,
31-3,31,3,0,,,
31-6,31,6,2,,,
31-7,31,7,0,,,
31-8,31,8,6,,,
31-9,31,9,4,,,
31-11,31,11,8,,,
31-12,31,12,4,,,
31-13,31,13,0,,,
31-14,31,14,4,,,
31-15,31,15,12,,,
31-16,31,16,"0,67",,,
31-19,31,19,N,,,
31-20,31,20,E,,,
31-21,31,21,S/A,,,
31-22,31,22,S,,,
31-23,31,23,N,,,
31-24,31,24,N,,,
31-25,31,25,N,,,
31-34,31,34,N,,,
31-35,31,35,2.5,,,
31-39,31,39,--,,,
31-40,31,40,Y,,,
31-41,31,41,Y,,,
32-2,32,2,0,,,
32-3,32,3,2,,,
32-6,32,6,0,,,
32-7,32,7,1,,,
32-8,32,8,6,,,
32-9,32,9,2,,,
32-11,32,11,6,,,
32-12,32,12,1,,,
32-13,32,13,0,,,
32-14,32,14,2,,,
32-15,32,15,10,,,
32-16,32,16,"0,6",,,
32-19,32,19,A,,,
32-20,32,20,A,,,
32-21,32,21,A,,,
32-22,32,22,A,,,
32-23,32,23,N,,,
32-24,32,24,N,,,
32-25,32,25,N,,,
32-34,32,34,N,,,
32-35,32,35,2,,,
32-39,32,39,--,,,
32-40,32,40,Y,,,
32-41,32,41,Y,,,
33-2,33,2,3,,,
33-3,33,3,0,,,
33-6,33,6,2,,,
33-7,33,7,0,,,
33-8,33,8,6,,,
33-9,33,9,2,,,
33-11,33,11,9,,,
33-12,33,12,2,,,
33-13,33,13,0,,,
33-14,33,14,7,,,
33-15,33,15,11,,,
33-16,33,16,"0,82",,,
33-19,33,19,A,,,
33-20,33,20,A,,,
33-21,33,21,A,,,
33-22,33,22,A,,,
33-23,33,23,N,,,
33-24,33,24,N,,,
33-25,33,25,Y,,,
33-26,33,26,3,,,
33-27,33,27,Y,,,
33-29,33,29,Y,,,
33-31,33,31,Y,,,
33-32,33,32,Y,,,
33-33,33,33,y,,,
33-34,33,34,N,,,
33-35,33,35,2,,,
33-39,33,39,--,,,
33-40,33,40,Y,,,
34-2,34,2,2,,,
34-3,34,3,1,,,
34-6,34,6,0,,,
34-7,34,7,2,,,
34-8,34,8,6,,,
34-9,34,9,2,,,
34-11,34,11,8,,,
34-12,34,12,3,,,
34-13,34,13,0,,,
34-14,34,14,5,,,
34-15,34,15,11,,,
34-16,34,16,"0,73",,,
34-19,34,19,A,,,
34-20,34,20,A,,,
34-21,34,21,A,,,
34-22,34,22,A,,,
34-23,34,23,N,,,
34-24,34,24,-,,,
34-25,34,25,N,,,
34-34,34,34,N,,,
34-35,34,35,2.5,,,
34-39,34,39,--,,,
34-40,34,40,Y,,,
34-41,34,41,Y,,,
34-42,34,42,Y,,,
35-2,35,2,0,,,
35-3,35,3,2,,,
35-8,35,8,0,,,
35-9,35,9,2,,,
35-11,35,11,0,,,
35-12,35,12,4,,,
35-13,35,13,0,,,
35-14,35,14,-4,,,
35-15,35,15,4,,,
35-16,35,16,0,,,
35-19,35,19,N,,,
35-20,35,20,N,,,
35-21,35,21,A,,,
35-22,35,22,A,,,
35-23,35,23,Y,,,
35-24,35,24,-,,,
35-25,35,25,N,,,
35-34,35,34,N,,,
35-35,35,35,3,,,
35-39,35,39,n/a,,,
35-40,35,40,Y,,,
35-41,35,41,Y,,,
36-2,36,2,2,,,
36-3,36,3,0,,,
36-6,36,6,2,,,
36-7,36,7,0,,,
36-8,36,8,6,,,
36-9,36,9,4,,,
36-11,36,11,8,,,
36-12,36,12,1,,,
36-13,36,13,0,,,
36-14,36,14,4,,,
36-15,36,15,12,,,
36-16,36,16,"0,67",,,
36-19,36,19,E,,,
36-20,36,20,E,,,
36-21,36,21,E/A,,,
36-22,36,22,E,,,
36-23,36,23,N,,,
36-24,36,24,--,,,
36-25,36,25,N,,,
36-34,36,34,N,,,
36-35,36,35,2.5,,,
36-39,36,39,--,,,
36-42,36,42,Y,,,
37-2,37,2,0,,,
37-3,37,3,1,,,
37-8,37,8,0,,,
37-9,37,9,2,,,
37-11,37,11,0,,,
37-12,37,12,3,,,
37-13,37,13,0,,,
37-14,37,14,-3,,,
37-15,37,15,3,,,
37-16,37,16,0,,,
37-19,37,19,N,,,
37-20,37,20,N,,,
37-21,37,21,A,,,
37-22,37,22,A,,,
37-23,37,23,?,,,
37-24,37,24,-,,,
37-25,37,25,N,,,
37-34,37,34,Y,,,
37-35,37,35,3,,,
37-39,37,39,n/a,,,
37-40,37,40,Y,,,
37-41,37,41,Y,,,
38-2,38,2,3,,,
38-3,38,3,0,,,
38-8,38,8,6,,,
38-9,38,9,0,,,
38-11,38,11,9,,,
38-12,38,12,0,,,
38-13,38,13,0,,,
38-14,38,14,9,,,
38-15,38,15,9,,,
38-16,38,16,1,,,
38-19,38,19,A,,,
38-20,38,20,A,,,
38-21,38,21,N,,,
38-22,38,22,A,,,
38-23,38,23,N,,,
38-24,38,24,-,,,
38-25,38,25,N,,,
38-34,38,34,Y,,,
38-35,38,35,3,,,
38-39,38,39,n/a,,,
38-40,38,40,Y,,,
38-41,38,41,Y,,,
39-2,39,2,3,,,
39-3,39,3,2,,,
39-6,39,6,0,,,
39-7,39,7,2,,,
39-8,39,8,4,,,
39-9,39,9,4,,,
39-11,39,11,7,,,
39-12,39,12,6,,,
39-13,39,13,0,,,
39-14,39,14,1,,,
39-15,39,15,13,,,
39-16,39,16,"0,54",,,
39-19,39,19,N?,,,
39-20,39,20,N,,,
39-21,39,21,S/E,,,
39-22,39,22,S,,,
39-23,39,23,N,,,
39-24,39,24,-,,,
39-25,39,25,Y,,,
39-26,39,26,3,,,
39-29,39,29,Y,,,
39-30,39,30,Y,,,
39-32,39,32,Y,,,
39-34x,39,34x,26,,,
39-35,39,35,2.5,,,
39-39,39,39,--,,,
40-2,40,2,2,,,
40-3,40,3,0,,,
40-8,40,8,6,,,
40-9,40,9,0,,,
40-11,40,11,8,,,
40-12,40,12,0,,,
40-13,40,13,0,,,
40-14,40,14,8,,,
40-15,40,15,8,,,
40-16,40,16,1,,,
40-19,40,19,A,,,
40-20,40,20,A,,,
40-21,40,21,N/a,,,
40-22,40,22,A,,,
40-23,40,23,N,,,
40-24,40,24,N,,,
40-25,40,25,Y,,,
40-34x,40,34x,26+,,,
40-35,40,35,3,,,
40-39,40,39,n/a,,,
40-40,40,40,Y,,,
40-41,40,41,Y,,,
41-2,41,2,2,,,
41-3,41,3,1,,,
41-6,41,6,2,,,
41-7,41,7,0,,,
41-8,41,8,6,,,
41-9,41,9,0,,,
41-11,41,11,8,,,
41-12,41,12,1,,,
41-13,41,13,0,,,
41-14,41,14,7,,,
41-15,41,15,9,,,
41-16,41,16,"0,89",,,
41-19,41,19,A,,,
41-20,41,20,A,,,
41-21,41,21,N,,,
41-22,41,22,A,,,
41-23,41,23,Y,,,
41-24,41,24,-,,,
41-25,41,25,N,,,
41-35,41,35,3,,,
41-39,41,39,n/a,,,
41-40,41,40,Y,,,
41-41,41,41,Y,,,
42-2,42,2,0,,,
42-3,42,3,2,,,
42-6,42,6,0,,,
42-7,42,7,2,,,
42-8,42,8,6,,,
42-9,42,9,2,,,
42-11,42,11,6,,,
42-12,42,12,4,,,
42-13,42,13,0,,,
42-14,42,14,2,,,
42-15,42,15,10,,,
42-16,42,16,"0,6",,,
42-19,42,19,A,,,
42-20,42,20,A,,,
42-21,42,21,A,,,
42-22,42,22,A,,,
42-23,42,23,N,,,
42-24,42,24,Y,,,
42-25,42,25,N,,,
42-34,42,34,N,,,
42-35,42,35,3,,,
42-39,42,39,--,,,
42-40,42,40,Y,,,
42-41,42,41,Y,,,
43-2,43,2,2,,,
43-3,43,3,2,,,
43-6,43,6,2,,,
43-7,43,7,2,,,
43-8,43,8,6,,,
43-9,43,9,2,,,
43-11,43,11,8,,,
43-12,43,12,4,,,
43-13,43,13,0,,,
43-14,43,14,4,,,
43-15,43,15,12,,,
43-16,43,16,"0,67",,,
43-19,43,19,A,,,
43-20,43,20,A,,,
43-21,43,21,A,,,
43-22,43,22,A,,,
43-23,43,23,N,,,
43-24,43,24,Y,,,
43-25,43,25,N,,,
43-34,43,34,N,,,
43-35,43,35,3,,,
43-39,43,39,--,,,
43-40,43,40,Y,,,
43-41,43,41,Y,,,
44-2,44,2,1,,,
44-3,44,3,1,,,
44-6,44,6,2,,,
44-7,44,7,0,,,
44-8,44,8,5,,,
44-9,44,9,2,,,
44-11,44,11,6,,,
44-12,44,12,3,,,
44-13,44,13,0,,,
44-14,44,14,3,,,
44-15,44,15,9,,,
44-16,44,16,"0,67",,,
44-19,44,19,A,,,
44-20,44,20,N,,,
44-21,44,21,A,,,
44-22,44,22,A,,,
44-23,44,23,N,,,
44-24,44,24,Y,,,
44-25,44,25,N,,,
44-34,44,34,N,,,
44-35,44,35,3,,,
44-39,44,39,--,,,
44-40,44,40,Y,,,
44-41,44,41,Y,,,
45-2,45,2,1,,,
45-3,45,3,1,,,
45-6,45,6,1,,,
45-7,45,7,1,,,
45-8,45,8,6,,,
45-9,45,9,4,,,
45-11,45,11,7,,,
45-12,45,12,5,,,
45-13,45,13,0,,,
45-14,45,14,2,,,
45-15,45,15,12,,,
45-16,45,16,"0,58",,,
45-19,45,19,A,,,
45-20,45,20,A,,,
45-21,45,21,A,,,
45-22,45,22,A,,,
45-23,45,23,N,,,
45-24,45,24,?,,,
45-25,45,25,N,,,
45-34,45,34,N,,,
45-35,45,35,3,,,
45-39,45,39,--,,,
45-40,45,40,Y,,,
45-41,45,41,Y,,,
45-42,45,42,Y,,,
46-2,46,2,0,,,
46-3,46,3,2,,,
46-8,46,8,2,,,
46-9,46,9,3,,,
46-10,46,10,1,,,
46-11,46,11,2,,,
46-12,46,12,5,,,
46-13,46,13,1,,,
46-14,46,14,-4,,,
46-15,46,15,8,,,
46-16,46,16,"0,25",,,
46-19,46,19,N,,,
46-20,46,20,N,,,
46-21,46,21,S,,,
46-22,46,22,S,,,
46-23,46,23,Y,,,
46-25,46,25,-,,,
46-34,46,34,Y,,,
46-34x,46,34x,9,,,
46-35,46,35,FreeY,,,
46-36,46,36,Y,,,
46-38,46,38,Y,,,
46-39,46,39,Y,,,
46-40,46,40,Y,,,
46-41,46,41,Y,,,
47-2,47,2,2,,,
47-6,47,6,2,,,
47-7,47,7,1,,,
47-8,47,8,6,,,
47-9,47,9,4,,,
47-11,47,11,8,,,
47-12,47,12,4,,,
47-13,47,13,0,,,
47-14,47,14,4,,,
47-15,47,15,12,,,
47-16,47,16,"0,67",,,
47-19,47,19,E/A,,,
47-20,47,20,E/A,,,
47-21,47,21,E/A,,,
47-22,47,22,E,,,
47-23,47,23,N,,,
47-24,47,24,Y,,,
47-25,47,25,Y,,,
47-26,47,26,4,,,
47-27,47,27,y.-,,,
47-29,47,29,Y,,,
47-31,47,31,Y,,,
47-32,47,32,Y,,,
47-35,47,35,3,,,
47-39,47,39,--,,,
47-41,47,41,Y,,,
48-2,48,2,2,,,
48-3,48,3,0,,,
48-6,48,6,0,,,
48-7,48,7,0,,,
48-8,48,8,6,,,
48-9,48,9,0,,,
48-11,48,11,8,,,
48-12,48,12,0,,,
48-13,48,13,0,,,
48-14,48,14,8,,,
48-15,48,15,8,,,
48-16,48,16,1,,,
48-20,48,20,E,,,
48-21,48,21,N,,,
48-22,48,22,E,,,
48-23,48,23,Y,,,
48-24,48,24,-,,,
48-25,48,25,N,,,
48-34,48,34,N,,,
48-35,48,35,3,,,
48-39,48,39,n/a,,,
49-2,49,2,1,,,
49-3,49,3,0,,,
49-6,49,6,1,,,
49-7,49,7,0,,,
49-8,49,8,6,,,
49-9,49,9,2,,,
49-11,49,11,7,,,
49-12,49,12,2,,,
49-13,49,13,0,,,
49-14,49,14,5,,,
49-15,49,15,9,,,
49-16,49,16,"0,78",,,
49-19,49,19,A,,,
49-20,49,20,A,,,
49-21,49,21,A,,,
49-22,49,22,A,,,
49-23,49,23,Y,,,
49-24,49,24,-,,,
49-25,49,25,-,,,
49-34,49,34,N,,,
49-35,49,35,3,,,
49-36,49,36,Y,,,
49-39,49,39,Y,,,
49-41,49,41,Y,,,
50-2,50,2,2,,,
50-3,50,3,0,,,
50-5,50,5,-,,,
50-8,50,8,0,,,
50-9,50,9,0,,,
50-11,50,11,2,,,
50-12,50,12,0,,,
50-13,50,13,0,,,
50-14,50,14,2,,,
50-15,50,15,2,,,
50-16,50,16,1,,,
50-19,50,19,N,,,
50-20,50,20,N,,,
50-21,50,21,N,,,
50-22,50,22,N,,,
50-23,50,23,Y,,,
50-24,50,24,Y,,,
50-25,50,25,N,,,
50-34,50,34,Y,,,
50-34x,50,34x,51,,,
50-35,50,35,2,,,
50-39,50,39,n/a,,,
51-2,51,2,2,,,
51-3,51,3,0,,,
51-6,51,6,0,,,
51-7,51,7,0,,,
51-8,51,8,0,,,
51-9,51,9,0,,,
51-11,51,11,2,,,
51-12,51,12,0,,,
51-13,51,13,0,,,
51-14,51,14,2,,,
51-15,51,15,2,,,
51-16,51,16,1,,,
51-19,51,19,N,,,
51-20,51,20,N,,,
51-21,51,21,N,,,
51-22,51,22,N,,,
51-25,51,25,N,,,
51-34,51,34,Y,,,
51-34x,51,34x,7,,,
51-35,51,35,2,,,
51-39,51,39,n/a,,,
52-2,52,2,2,,,
52-3,52,3,0,,,
52-8,52,8,5,,,
52-9,52,9,2,,,
52-11,52,11,7,,,
52-12,52,12,2,,,
52-13,52,13,0,,,
52-14,52,14,5,,,
52-15,52,15,9,,,
52-16,52,16,"0,78",,,
52-19,52,19,A,,,
52-20,52,20,A,,,
52-21,52,21,NIA,,,
52-22,52,22,A,,,
52-23,52,23,N,,,
52-24,52,24,Y,,,
52-25,52,25,-,,,
52-34,52,34,N,,,
52-35,52,35,3,,,
52-39,52,39,N,,,
53-2,53,2,0,,,
53-3,53,3,0,,,
53-4,53,4,1,,,
53-6,53,6,0,,,
53-8,53,8,4,,,
53-9,53,9,2,,,
53-11,53,11,4,,,
53-12,53,12,2,,,
53-13,53,13,1,,,
53-14,53,14,1,,,
53-15,53,15,7,,,
53-16,53,16,"0,57",,,
53-19,53,19,N/A,,,
53-20,53,20,N/A,,,
53-21,53,21,A,,,
53-22,53,22,A,,,
53-23,53,23,Y,,,
53-25,53,25,-,,,
53-34,53,34,N,,,
53-35,53,35,2,,,
53-39,53,39,N,,,
53-41,53,41,Y,,,
54-2,54,2,2,,,
54-3,54,3,0,,,
54-6,54,6,0,,,
54-8,54,8,2,,,
54-9,54,9,0,,,
54-11,54,11,4,,,
54-12,54,12,0,,,
54-13,54,13,0,,,
54-14,54,14,4,,,
54-15,54,15,4,,,
54-16,54,16,1,,,
54-19,54,19,N,,,
54-20,54,20,N,,,
54-21,54,21,N,,,
54-22,54,22,N,,,
54-23,54,23,N,,,
54-25,54,25,N,,,
54-34,54,34,Y,,,
54-34x,54,34x,20,,,
54-35,54,35,2,,,
54-39,54,39,n/a,,,
54-41,54,41,Y,,,
55-2,55,2,3,,,
55-3,55,3,0,,,
55-6,55,6,2,,,
55-7,55,7,0,,,
55-8,55,8,6,,,
55-9,55,9,2,,,
55-11,55,11,9,,,
55-12,55,12,2,,,
55-13,55,13,0,,,
55-14,55,14,7,,,
55-15,55,15,11,,,
55-16,55,16,"0,82",,,
55-19,55,19,?,,,
55-20,55,20,?,,,
55-21,55,21,E/A,,,
55-22,55,22,E,,,
55-23,55,23,N,,,
55-24,55,24,-,,,
55-25,55,25,Y,,,
55-26,55,26,2,,,
55-28,55,28,Y,,,
55-30,55,30,Y,,,
55-34,55,34,N,,,
55-35,55,35,3,,,
55-40,55,40,Y,,,
55-41,55,41,Y,,,
56-2,56,2,1,,,
56-3,56,3,1,,,
56-6,56,6,0,,,
56-7,56,7,0,,,
56-8,56,8,6,,,
56-9,56,9,2,,,
56-11,56,11,7,,,
56-12,56,12,3,,,
56-13,56,13,0,,,
56-14,56,14,4,,,
56-15,56,15,10,,,
56-16,56,16,"0,7",,,
56-19,56,19,A,,,
56-20,56,20,A,,,
56-21,56,21,A,,,
56-22,56,22,A,,,
56-23,56,23,N,,,
56-24,56,24,-,,,
56-25,56,25,Y,,,
56-26,56,26,2,,,
56-30,56,30,Y,,,
56-31,56,31,Y,,,
56-34,56,34,N,,,
56-35,56,35,3,,,
56-36,56,36,N,,,
56-37,56,37,Y,,,
56-38,56,38,N,,,
56-39,56,39,Y,,,
56-41,56,41,Y,,,
57-2,57,2,2,,,
57-3,57,3,0,,,
57-8,57,8,0,,,
57-9,57,9,4,,,
57-11,57,11,2,,,
57-12,57,12,4,,,
57-13,57,13,0,,,
57-14,57,14,-2,,,
57-15,57,15,6,,,
57-16,57,16,"0,33",,,
57-19,57,19,N,,,
57-20,57,20,N,,,
57-21,57,21,A,,,
57-22,57,22,A,,,
57-23,57,23,N,,,
57-24,57,24,N,,,
57-25,57,25,Y,,,
57-26,57,26,2,,,
57-30,57,30,Y,,,
57-31,57,31,Y,,,
57-34,57,34,N,,,
57-35,57,35,3,,,
57-39,57,39,n/a,,,
57-40,57,40,Y,,,
57-41,57,41,Y,,,
57-44,57,44,Y,,,
58-2,58,2,2,,,
58-3,58,3,2,,,
58-6,58,6,0,,,
58-7,58,7,0,,,
58-8,58,8,0,,,
58-9,58,9,4,,,
58-11,58,11,2,,,
58-12,58,12,6,,,
58-13,58,13,0,,,
58-14,58,14,-4,,,
58-15,58,15,8,,,
58-16,58,16,"0,25",,,
58-19,58,19,N,,,
58-20,58,20,N,,,
58-21,58,21,A,,,
58-22,58,22,A,,,
58-23,58,23,N,,,
58-24,58,24,Y,,,
58-25,58,25,N,,,
58-34,58,34,N,,,
58-35,58,35,3,,,
58-39,58,39,n/a,,,
59-2,59,2,2,,,
59-3,59,3,1,,,
59-8,59,8,0,,,
59-9,59,9,4,,,
59-11,59,11,2,,,
59-12,59,12,5,,,
59-13,59,13,0,,,
59-14,59,14,-3,,,
59-15,59,15,7,,,
59-16,59,16,"0,29",,,
59-21,59,21,A,,,
59-22,59,22,A?,,,
59-23,59,23,N,,,
59-25,59,25,y,,,
59-26,59,26,13,,,
59-27,59,27,y,,,
59-28,59,28,Y,,,
59-29,59,29,Y,,,
59-30,59,30,Y,,,
59-31,59,31,Y,,,
59-34,59,34,Y,,,
59-34x,59,34x,13,,,
59-39,59,39,n/a,,,
60-2,60,2,0,,,
60-3,60,3,0,,,
60-8,60,8,0,,,
60-9,60,9,4,,,
60-11,60,11,0,,,
60-12,60,12,4,,,
60-13,60,13,0,,,
60-14,60,14,-4,,,
60-15,60,15,4,,,
60-16,60,16,0,,,
60-19,60,19,A,,,
60-20,60,20,A,,,
60-21,60,21,A,,,
60-22,60,22,A,,,
60-23,60,23,N,,,
60-25,60,25,-,,,
60-35,60,35,3,,,
60-39,60,39,n/a,,,
60-41,60,41,Y,,,
61-2,61,2,2,,,
61-3,61,3,0,,,
61-8,61,8,4,,,
61-9,61,9,0,,,
61-11,61,11,6,,,
61-12,61,12,0,,,
61-13,61,13,0,,,
61-14,61,14,6,,,
61-15,61,15,6,,,
61-16,61,16,1,,,
61-19,61,19,A,,,
61-20,61,20,A,,,
61-21,61,21,N,,,
61-22,61,22,A,,,
61-23,61,23,N,,,
61-24,61,24,N,,,
61-25,61,25,N,,,
61-26,61,26,2,,,
61-30,61,30,Y,,,
61-34,61,34,N,,,
61-39,61,39,n/a,,,
61-40,61,40,?,,,
61-42,61,42,?,,,
61-44,61,44,Y,,,
62-2,62,2,2,,,
62-3,62,3,0,,,
62-8,62,8,0,,,
62-9,62,9,2,,,
62-11,62,11,2,,,
62-12,62,12,2,,,
62-13,62,13,0,,,
62-14,62,14,0,,,
62-15,62,15,4,,,
62-16,62,16,"0,5",,,
62-19,62,19,N,,,
62-20,62,20,N,,,
62-21,62,21,A,,,
62-22,62,22,A,,,
62-23,62,23,N,,,
62-25,62,25,-,,,
62-39,62,39,n/a,,,
63-2,63,2,2,,,
63-3,63,3,2,,,
63-6,63,6,0,,,
63-7,63,7,0,,,
63-8,63,8,4,,,
63-9,63,9,4,,,
63-11,63,11,6,,,
63-12,63,12,6,,,
63-13,63,13,0,,,
63-14,63,14,0,,,
63-15,63,15,12,,,
63-16,63,16,"0,5",,,
63-19,63,19,E,,,
63-20,63,20,E,,,
63-21,63,21,A,,,
63-22,63,22,E,,,
63-23,63,23,N,,,
63-24,63,24,Y,,,
63-25,63,25,-,,,
63-34,63,34,N,,,
63-35,63,35,3,,,
63-37,63,37,Y,,,
63-39,63,39,Y,,,
63-43,63,43,Y,,,
63-44,63,44,Y,,,
64-2,64,2,2,,,
64-3,64,3,0,,,
64-6,64,6,0,,,
64-7,64,7,0,,,
64-8,64,8,4,,,
64-9,64,9,5,,,
64-11,64,11,6,,,
64-12,64,12,5,,,
64-13,64,13,0,,,
64-14,64,14,1,,,
64-15,64,15,11,,,
64-16,64,16,"0,55",,,
64-19,64,19,E,,,
64-20,64,20,E,,,
64-21,64,21,A,,,
64-22,64,22,E,,,
64-23,64,23,Y,,,
64-24,64,24,Y,,,
64-25,64,25,N,,,
64-34,64,34,N,,,
64-36,64,36,N,,,
64-37,64,37,Y,,,
64-38,64,38,y,,,
64-39,64,39,Y,,,
64-44,64,44,Y,,,
65-2,65,2,2,,,
65-3,65,3,0,,,
65-8,65,8,4,,,
65-9,65,9,2,,,
65-11,65,11,6,,,
65-12,65,12,2,,,
65-13,65,13,0,,,
65-14,65,14,4,,,
65-15,65,15,8,,,
65-16,65,16,"0,75",,,
65-19,65,19,E,,,
65-20,65,20,E,,,
65-21,65,21,A?,,,
65-22,65,22,E,,,
65-23,65,23,N,,,
65-25,65,25,-,,,
65-34,65,34,N,,,
65-35,65,35,3,,,
65-36,65,36,N,,,
65-38,65,38,N,,,
65-41,65,41,Y,,,
66-2,66,2,0,,,
66-3,66,3,1,,,
66-5,66,5,NP?,,,
66-6,66,6,0,,,
66-8,66,8,2,,,
66-9,66,9,2,,,
66-11,66,11,2,,,
66-12,66,12,3,,,
66-13,66,13,0,,,
66-14,66,14,-1,,,
66-15,66,15,5,,,
66-16,66,16,"0,4",,,
66-19,66,19,N,,,
66-20,66,20,N,,,
66-21,66,21,A,,,
66-22,66,22,A,,,
66-23,66,23,N,,,
66-24,66,24,?,,,
66-25,66,25,-,,,
66-26,66,26,N,,,
66-35,66,35,3,,,
66-36,66,36,N?,,,
66-37,66,37,Y,,,
66-38,66,38,N,,,
66-39,66,39,Y,,,
67-2,67,2,0,,,
67-3,67,3,2,,,
67-8,67,8,2,,,
67-9,67,9,2,,,
67-11,67,11,2,,,
67-12,67,12,4,,,
67-13,67,13,0,,,
67-14,67,14,-2,,,
67-15,67,15,6,,,
67-16,67,16,"0,33",,,
67-19,67,19,A,,,
67-20,67,20,N,,,
67-21,67,21,A,,,
67-22,67,22,A,,,
67-23,67,23,N,,,
67-24,67,24,-,,,
67-25,67,25,N,,,
67-34,67,34,N,,,
67-35,67,35,3,,,
67-36,67,36,N,,,
67-37,67,37,Y,,,
67-38,67,38,N,,,
67-39,67,39,Y,,,
67-41,67,41,Y,,,
68-2,68,2,1,,,
68-3,68,3,1,,,
68-8,68,8,2,,,
68-9,68,9,2,,,
68-11,68,11,3,,,
68-12,68,12,3,,,
68-13,68,13,0,,,
68-14,68,14,0,,,
68-15,68,15,6,,,
68-16,68,16,"0,5",,,
68-19,68,19,N,,,
68-20,68,20,N,,,
68-21,68,21,A,,,
68-22,68,22,A,,,
68-23,68,23,N,,,
68-24,68,24,-,,,
68-25,68,25,-,,,
68-35,68,35,3,,,
68-36,68,36,N,,,
68-37,68,37,Y,,,
68-38,68,38,N,,,
68-39,68,39,Y,,,
69-2,69,2,2,,,
69-3,69,3,0,,,
69-8,69,8,6,,,
69-9,69,9,2,,,
69-11,69,11,8,,,
69-12,69,12,2,,,
69-13,69,13,0,,,
69-14,69,14,6,,,
69-15,69,15,10,,,
69-16,69,16,"0,8",,,
69-19,69,19,E,,,
69-20,69,20,E,,,
69-21,69,21,S,,,
69-22,69,22,E,,,
69-23,69,23,N,,,
69-25,69,25,-,,,
69-36,69,36,N,,,
69-37,69,37,Y,,,
69-38,69,38,N,,,
69-39,69,39,Y,,,
69-41,69,41,Y,,,
69-44,69,44,Y,,,
70-2,70,2,0,,,
70-3,70,3,0,,,
70-6,70,6,0,,,
70-7,70,7,0,,,
70-8,70,8,2,,,
70-9,70,9,2,,,
70-11,70,11,2,,,
70-12,70,12,2,,,
70-13,70,13,0,,,
70-14,70,14,0,,,
70-15,70,15,4,,,
70-16,70,16,"0,5",,,
70-19,70,19,N,,,
70-20,70,20,N,,,
70-21,70,21,A,,,
70-22,70,22,A,,,
70-24,70,24,Y,,,
70-25,70,25,-,,,
70-34,70,34,N,,,
70-35,70,35,3,,,
70-36,70,36,N,,,
70-37,70,37,Y,,,
70-38,70,38,N,,,
70-39,70,39,Y,,,
71-2,71,2,1,,,
71-3,71,3,0,,,
71-5,71,5,NP?,,,
71-8,71,8,5,,,
71-9,71,9,4,,,
71-11,71,11,6,,,
71-12,71,12,4,,,
71-13,71,13,0,,,
71-14,71,14,2,,,
71-15,71,15,10,,,
71-16,71,16,"0,6",,,
71-19,71,19,A,,,
71-20,71,20,A,,,
71-21,71,21,A,,,
71-22,71,22,A,,,
71-23,71,23,Y,,,
71-24,71,24,?,,,
71-25,71,25,-,,,
71-34,71,34,N,,,
71-36,71,36,N,,,
71-38,71,38,N,,,
72-2,72,2,2,,,
72-3,72,3,0,,,
72-6,72,6,0,,,
72-7,72,7,0,,,
72-8,72,8,4,,,
72-9,72,9,2,,,
72-11,72,11,6,,,
72-12,72,12,2,,,
72-13,72,13,0,,,
72-14,72,14,4,,,
72-15,72,15,8,,,
72-16,72,16,"0,75",,,
72-19,72,19,N,,,
72-20,72,20,N,,,
72-21,72,21,A,,,
72-22,72,22,A,,,
72-23,72,23,Y,,,
72-25,72,25,-,,,
72-34,72,34,N,,,
72-35,72,35,3,,,
72-36,72,36,N,,,
72-37,72,37,Y,,,
72-38,72,38,N,,,
72-39,72,39,Y,,,
73-2,73,2,1,,,
73-3,73,3,2,,,
73-7,73,7,2,,,
73-8,73,8,0,,,
73-9,73,9,4,,,
73-11,73,11,1,,,
73-12,73,12,6,,,
73-13,73,13,0,,,
73-14,73,14,-5,,,
73-15,73,15,7,,,
73-16,73,16,"0,14",,,
73-19,73,19,N,,,
73-20,73,20,N,,,
73-21,73,21,A,,,
73-22,73,22,A,,,
73-23,73,23,Y,,,
73-24,73,24,Y,,,
73-25,73,25,N,,,
73-34,73,34,N,,,
73-39,73,39,n/a,,,
74-2,74,2,2,,,
74-3,74,3,0,,,
74-8,74,8,2,,,
74-9,74,9,4,,,
74-11,74,11,4,,,
74-12,74,12,4,,,
74-13,74,13,0,,,
74-14,74,14,0,,,
74-15,74,15,8,,,
74-16,74,16,"0,5",,,
74-19,74,19,N,,,
74-20,74,20,N,,,
74-21,74,21,A,,,
74-22,74,22,A,,,
74-23,74,23,N,,,
74-25,74,25,Y,,,
74-26,74,26,2,,,
74-30,74,30,Y,,,
74-31,74,31,Y,,,
74-34,74,34,N,,,
74-35,74,35,3,,,
74-37,74,37,Y,,,
74-39,74,39,Y,,,
75-5,75,5,NP,,,
75-6,75,6,0,,,
75-7,75,7,0,,,
75-8,75,8,0,,,
75-9,75,9,2,,,
75-11,75,11,1,,,
75-12,75,12,3,,,
75-13,75,13,0,,,
75-14,75,14,-2,,,
75-15,75,15,4,,,
75-16,75,16,"0,25",,,
75-19,75,19,N,,,
75-20,75,20,N,,,
75-21,75,21,A,,,
75-22,75,22,A,,,
75-23,75,23,Y,,,
75-24,75,24,Y,,,
75-25,75,25,Y,,,
75-26,75,26,2,,,
75-28,75,28,Y,,,
75-30,75,30,Y,,,
75-31,75,31,?,,,
75-34,75,34,N,,,
75-35,75,35,3,,,
75-39,75,39,n/a,,,
76-2,76,2,2,,,
76-3,76,3,0,,,
76-8,76,8,4,,,
76-9,76,9,0,,,
76-11,76,11,6,,,
76-12,76,12,0,,,
76-13,76,13,0,,,
76-14,76,14,6,,,
76-15,76,15,6,,,
76-16,76,16,1,,,
76-19,76,19,A,,,
76-20,76,20,A,,,
76-21,76,21,N,,,
76-22,76,22,A,,,
76-23,76,23,Y,,,
76-24,76,24,-,,,
76-25,76,25,N,,,
76-35,76,35,3,,,
76-39,76,39,n/a,,,
77-2,77,2,1,,,
77-3,77,3,2,,,
77-8,77,8,0,,,
77-9,77,9,4,,,
77-11,77,11,1,,,
77-12,77,12,6,,,
77-13,77,13,0,,,
77-14,77,14,-5,,,
77-15,77,15,7,,,
77-16,77,16,"0,14",,,
77-19,77,19,N,,,
77-20,77,20,N,,,
77-21,77,21,A,,,
77-22,77,22,A,,,
77-23,77,23,N,,,
77-25,77,25,-,,,
77-39,77,39,n/a,,,
77-40,77,40,Y,,,
77-41,77,41,Y,,,
78-2,78,2,2,,,
78-3,78,3,1,,,
78-8,78,8,2,,,
78-9,78,9,0,,,
78-11,78,11,4,,,
78-12,78,12,1,,,
78-13,78,13,0,,,
78-14,78,14,3,,,
78-15,78,15,5,,,
78-16,78,16,"0,8",,,
78-19,78,19,A,,,
78-20,78,20,A,,,
78-21,78,21,N,,,
78-22,78,22,A,,,
78-23,78,23,N,,,
78-24,78,24,-,,,
78-25,78,25,-,,,
78-39,78,39,n/a,,,
79-2,79,2,2,,,
79-3,79,3,0,,,
79-8,79,8,0,,,
79-9,79,9,6,,,
79-11,79,11,2,,,
79-12,79,12,6,,,
79-13,79,13,0,,,
79-14,79,14,-4,,,
79-15,79,15,8,,,
79-16,79,16,"0,25",,,
79-19,79,19,N,,,
79-20,79,20,N,,,
79-21,79,21,E/A,,,
79-22,79,22,E,,,
79-23,79,23,N,,,
79-24,79,24,-,,,
79-25,79,25,Y,,,
79-26,79,26,10,,,
79-29,79,29,Y,,,
79-31,79,31,Y,,,
79-39,79,39,n/a,,,
79-41,79,41,Y,,,
79-44,79,44,Y,,,
80-2,80,2,3,,,
80-3,80,3,1,,,
80-8,80,8,6,,,
80-9,80,9,4,,,
80-11,80,11,9,,,
80-12,80,12,5,,,
80-13,80,13,0,,,
80-14,80,14,4,,,
80-15,80,15,14,,,
80-16,80,16,"0,64",,,
80-19,80,19,N/3,,,
80-20,80,20,E,,,
80-21,80,21,A/N,,,
80-22,80,22,E,,,
80-23,80,23,Y,,,
80-24,80,24,-,,,
80-25,80,25,Y,,,
80-26,80,26,4,,,
80-29,80,29,Y,,,
80-33,80,33,Y,,,
80-34,80,34,N,,,
80-35,80,35,2,,,
80-37,80,37,Y,,,
80-39,80,39,Y,,,
81-2,81,2,3,,,
81-3,81,3,0,,,
81-5,81,5,-,,,
81-8,81,8,6,,,
81-9,81,9,0,,,
81-11,81,11,9,,,
81-12,81,12,0,,,
81-13,81,13,0,,,
81-14,81,14,9,,,
81-15,81,15,9,,,
81-16,81,16,1,,,
81-19,81,19,A,,,
81-20,81,20,E,,,
81-21,81,21,N,,,
81-22,81,22,E,,,
81-23,81,23,Y,,,
81-24,81,24,Y,,,
81-25,81,25,Y,,,
81-26,81,26,4,,,
81-28,81,28,Y,,,
81-34,81,34,N,,,
81-35,81,35,3,,,
81-39,81,39,n/a,,,
81-42,81,42,Y,,,
82-2,82,2,3,,,
82-3,82,3,0,,,
82-5,82,5,-,,,
82-8,82,8,6,,,
82-9,82,9,0,,,
82-11,82,11,9,,,
82-12,82,12,0,,,
82-13,82,13,0,,,
82-14,82,14,9,,,
82-15,82,15,9,,,
82-16,82,16,1,,,
82-19,82,19,E,,,
82-20,82,20,E,,,
82-21,82,21,N,,,
82-22,82,22,E,,,
82-23,82,23,Y,,,
82-24,82,24,Y,,,
82-25,82,25,-,,,
82-34,82,34,N,,,
82-39,82,39,n/a,,,
83-2,83,2,3,,,
83-3,83,3,0,,,
83-5,83,5,-,,,
83-8,83,8,0,,,
83-9,83,9,4,,,
83-11,83,11,3,,,
83-12,83,12,4,,,
83-13,83,13,0,,,
83-14,83,14,-1,,,
83-15,83,15,7,,,
83-16,83,16,"0,43",,,
83-19,83,19,N,,,
83-20,83,20,N,,,
83-21,83,21,A,,,
83-22,83,22,A,,,
83-23,83,23,Y,,,
83-25,83,25,Y,,,
83-26,83,26,4,,,
83-27,83,27,Y,,,
83-29,83,29,Y,,,
83-35,83,35,2,,,
83-39,83,39,n/a,,,
84-2,84,2,2,,,
84-3,84,3,0,,,
84-8,84,8,6,,,
84-9,84,9,5,,,
84-11,84,11,8,,,
84-12,84,12,5,,,
84-13,84,13,0,,,
84-14,84,14,3,,,
84-15,84,15,13,,,
84-16,84,16,"0,62",,,
84-19,84,19,E,,,
84-20,84,20,E,,,
84-21,84,21,AtH,,,
84-22,84,22,E,,,
84-23,84,23,Y,,,
84-24,84,24,Y,,,
84-25,84,25,-,,,
84-37,84,37,Y,,,
84-39,84,39,Y,,,
85-2,85,2,1,,,
85-3,85,3,0,,,
85-5,85,5,-,,,
85-8,85,8,4,,,
85-9,85,9,0,,,
85-10,85,10,4,,,
85-11,85,11,5,,,
85-12,85,12,0,,,
85-13,85,13,4,,,
85-14,85,14,1,,,
85-15,85,15,9,,,
85-16,85,16,"0,56",,,
85-19,85,19,N/a,,,
85-20,85,20,N/a,,,
85-21,85,21,A,,,
85-22,85,22,A,,,
85-23,85,23,Y,,,
85-24,85,24,Y,,,
85-25,85,25,Y,,,
85-26,85,26,4,,,
85-27,85,27,Y,,,
85-29,85,29,Y,,,
85-31,85,31,Y,,,
85-34,85,34,N,,,
85-35,85,35,3,,,
85-39,85,39,n/a,,,
85-41,85,41,Y,,,
86-2,86,2,3,,,
86-3,86,3,2,,,
86-5,86,5,-,,,
86-8,86,8,6,,,
86-9,86,9,4,,,
86-11,86,11,9,,,
86-12,86,12,6,,,
86-13,86,13,0,,,
86-14,86,14,3,,,
86-15,86,15,15,,,
86-16,86,16,"0,6",,,
86-19,86,19,A,,,
86-20,86,20,A/E,,,
86-21,86,21,A,,,
86-22,86,22,A,,,
86-23,86,23,Y,,,
86-24,86,24,Y,,,
86-25,86,25,Y,,,
86-26,86,26,3,,,
86-27,86,27,Y,,,
86-29,86,29,Y,,,
86-34,86,34,N,,,
86-35,86,35,2,,,
86-37,86,37,Y,,,
86-39,86,39,Y,,,
86-41,86,41,Y,,,
86-43,86,43,Y,,,
87-2,87,2,3,,,
87-8,87,8,2,,,
87-9,87,9,0,,,
87-11,87,11,5,,,
87-12,87,12,0,,,
87-13,87,13,0,,,
87-14,87,14,5,,,
87-15,87,15,5,,,
87-16,87,16,1,,,
87-19,87,19,A,,,
87-20,87,20,A,,,
87-21,87,21,N,,,
87-22,87,22,A,,,
87-23,87,23,Y,,,
87-24,87,24,Y,,,
87-25,87,25,-,,,
87-39,87,39,n/a,,,
87-40,87,40,Y,,,
87-41,87,41,Y,,,
88-2,88,2,3,,,
88-6,88,6,0,,,
88-8,88,8,4,,,
88-9,88,9,4,,,
88-11,88,11,7,,,
88-12,88,12,4,,,
88-13,88,13,0,,,
88-14,88,14,3,,,
88-15,88,15,11,,,
88-16,88,16,"0,64",,,
88-19,88,19,N,,,
88-20,88,20,A?,,,
88-21,88,21,N,,,
88-22,88,22,A?,,,
88-23,88,23,Y,,,
88-24,88,24,Y,,,
88-25,88,25,Y,,,
88-26,88,26,5,,,
88-28,88,28,Y,,,
88-29,88,29,Y,,,
88-31,88,31,Y,,,
88-34,88,34,N,,,
88-35,88,35,2,,,
88-40,88,40,Y,,,
88-41,88,41,Y,,,
89-2,89,2,3,,,
89-3,89,3,0,,,
89-5,89,5,-,,,
89-8,89,8,5,,,
89-10,89,10,3,,,
89-11,89,11,8,,,
89-12,89,12,0,,,
89-13,89,13,3,,,
89-14,89,14,5,,,
89-15,89,15,11,,,
89-16,89,16,"0,73",,,
89-19,89,19,A/c,,,
89-20,89,20,E,,,
89-21,89,21,N,,,
89-22,89,22,E,,,
89-23,89,23,Y,,,
89-24,89,24,Y,,,
89-25,89,25,-,,,
89-34,89,34,N,,,
89-35,89,35,3,,,
89-39,89,39,n/a,,,
89-40,89,40,Y,,,
89-41,89,41,Y,,,
90-2,90,2,3,,,
90-5,90,5,-,,,
90-8,90,8,4,,,
90-9,90,9,4,,,
90-11,90,11,7,,,
90-12,90,12,4,,,
90-13,90,13,0,,,
90-14,90,14,3,,,
90-15,90,15,11,,,
90-16,90,16,"0,64",,,
90-19,90,19,N/3,,,
90-20,90,20,N,,,
90-21,90,21,H/A,,,
90-22,90,22,H,,,
90-23,90,23,Y,,,
90-24,90,24,Y,,,
90-25,90,25,Y,,,
90-26,90,26,6,,,
90-28,90,28,Y,,,
90-31,90,31,Y,,,
90-32,90,32,Y,,,
90-34,90,34,N,,,
90-37,90,37,Y,,,
90-39,90,39,Y,,,
90-40,90,40,Y,,,
90-41,90,41,Y,,,
91-2,91,2,0,,,
91-3,91,3,2,,,
91-8,91,8,6,,,
91-9,91,9,4,,,
91-11,91,11,6,,,
91-12,91,12,6,,,
91-13,91,13,0,,,
91-14,91,14,0,,,
91-15,91,15,12,,,
91-16,91,16,"0,5",,,
91-20,91,20,E,,,
91-21,91,21,S/A,,,
91-22,91,22,S,,,
91-23,91,23,Y,,,
91-24,91,24,Y,,,
91-25,91,25,N,,,
91-36,91,36,N,,,
91-37,91,37,Y,,,
91-38,91,38,N,,,
91-39,91,39,Y,,,
91-41,91,41,Y,,,
91-43,91,43,Y,,,
92-2,92,2,1,,,
92-3,92,3,1,,,
92-6,92,6,0,,,
92-7,92,7,0,,,
92-8,92,8,0,,,
92-9,92,9,4,,,
92-11,92,11,1,,,
92-12,92,12,5,,,
92-13,92,13,0,,,
92-14,92,14,-4,,,
92-15,92,15,6,,,
92-16,92,16,"0,17",,,
92-19,92,19,N,,,
92-20,92,20,N,,,
92-21,92,21,A,,,
92-22,92,22,A,,,
92-23,92,23,Y,,,
92-24,92,24,Y,,,
92-25,92,25,Y,,,
92-26,92,26,2,,,
92-28,92,28,Y,,,
92-31,92,31,Y,,,
92-34,92,34,N,,,
92-35,92,35,2,,,
92-39,92,39,n/a,,,
92-41,92,41,Y,,,
93-2,93,2,2,,,
93-8,93,8,4,,,
93-9,93,9,6,,,
93-11,93,11,6,,,
93-12,93,12,6,,,
93-13,93,13,0,,,
93-14,93,14,0,,,
93-15,93,15,12,,,
93-16,93,16,"0,5",,,
93-19,93,19,N,,,
93-20,93,20,N,,,
93-21,93,21,3,,,
93-22,93,22,3,,,
93-23,93,23,Y,,,
93-24,93,24,Y,,,
93-25,93,25,Y,,,
93-26,93,26,5,,,
93-29,93,29,Y,,,
93-30,93,30,Y,,,
93-34,93,34,N,,,
93-35,93,35,2,,,
93-39,93,39,--,,,
94-2,94,2,3,,,
94-3,94,3,0,,,
94-5,94,5,-,,,
94-8,94,8,6,,,
94-9,94,9,0,,,
94-11,94,11,9,,,
94-12,94,12,0,,,
94-13,94,13,0,,,
94-14,94,14,9,,,
94-15,94,15,9,,,
94-16,94,16,1,,,
94-19,94,19,A,,,
94-20,94,20,E/3,,,
94-21,94,21,N,,,
94-22,94,22,E,,,
94-23,94,23,Y,,,
94-24,94,24,Y,,,
94-34,94,34,N,,,
94-35,94,35,3,,,
94-39,94,39,n/a,,,
94-40,94,40,Y,,,
94-41,94,41,Y,,,
95-2,95,2,2,,,
95-3,95,3,1,,,
95-5,95,5,-,,,
95-8,95,8,0,,,
95-9,95,9,1,,,
95-11,95,11,2,,,
95-12,95,12,5,,,
95-13,95,13,0,,,
95-14,95,14,-3,,,
95-15,95,15,7,,,
95-16,95,16,"0,29",,,
95-19,95,19,N,,,
95-20,95,20,N,,,
95-21,95,21,A/H,,,
95-22,95,22,A,,,
95-23,95,23,Y,,,
95-24,95,24,Y,,,
95-25,95,25,Y,,,
95-26,95,26,6,,,
95-27,95,27,Y,,,
95-28,95,28,Y,,,
95-30,95,30,Y,,,
95-34,95,34,N,,,
95-35,95,35,2,,,
95-39,95,39,n/a,,,
95-40,95,40,Y,,,
96-2,96,2,1,,,
96-3,96,3,2,,,
96-8,96,8,4,,,
96-9,96,9,3,,,
96-11,96,11,5,,,
96-12,96,12,5,,,
96-13,96,13,0,,,
96-14,96,14,0,,,
96-15,96,15,10,,,
96-16,96,16,"0,5",,,
96-19,96,19,A,,,
96-20,96,20,E,,,
96-21,96,21,A,,,
96-22,96,22,A,,,
96-23,96,23,Y,,,
96-24,96,24,Y,,,
96-25,96,25,-,,,
96-34,96,34,N,,,
96-36,96,36,N,,,
96-37,96,37,Y,,,
96-38,96,38,N,,,
96-39,96,39,Y,,,
97-2,97,2,2,,,
97-3,97,3,0,,,
97-5,97,5,-,,,
97-8,97,8,6,,,
97-9,97,9,0,,,
97-10,97,10,2,,,
97-11,97,11,8,,,
97-12,97,12,0,,,
97-13,97,13,2,,,
97-14,97,14,6,,,
97-15,97,15,10,,,
97-16,97,16,"0,8",,,
97-19,97,19,A,,,
97-20,97,20,E,,,
97-21,97,21,N,,,
97-22,97,22,E,,,
97-23,97,23,N,,,
97-24,97,24,Y,,,
97-25,97,25,-,,,
97-35,97,35,3,,,
97-39,97,39,n/a,,,
97-40,97,40,Y,,,
97-41,97,41,Y,,,
98-2,98,2,3,,,
98-3,98,3,0,,,
98-5,98,5,-,,,
98-8,98,8,5,,,
98-9,98,9,0,,,
98-10,98,10,4,,,
98-11,98,11,8,,,
98-12,98,12,0,,,
98-13,98,13,4,,,
98-14,98,14,4,,,
98-15,98,15,12,,,
98-16,98,16,"0,67",,,
98-19,98,19,N,,,
98-20,98,20,E,,,
98-21,98,21,N,,,
98-22,98,22,E,,,
98-23,98,23,Y,,,
98-34,98,34,N,,,
98-35,98,35,2,,,
98-39,98,39,n/a,,,
98-42,98,42,Y,,,
99-2,99,2,1,,,
99-3,99,3,2,,,
99-4,99,4,1,,,
99-6,99,6,0,,,
99-7,99,7,0,,,
99-8,99,8,2,,,
99-9,99,9,2,,,
99-11,99,11,3,,,
99-12,99,12,4,,,
99-13,99,13,1,,,
99-14,99,14,-2,,,
99-15,99,15,8,,,
99-16,99,16,"0,38",,,
99-19,99,19,N,,,
99-20,99,20,N,,,
99-21,99,21,E,,,
99-22,99,22,E,,,
99-23,99,23,Y,,,
99-25,99,25,N,,,
99-34,99,34,Y,,,
99-34x,99,34x,3,,,
99-35,99,35,1,,,
99-36,99,36,Y,,,
99-39,99,39,Y,,,
99-40,99,40,Y,,,
99-41,99,41,Y,,,
99-42,99,42,Y,,,
99-43,99,43,Y,,,
99-44,99,44,Y,,,
100-2,100,2,1,,,
100-3,100,3,1,,,
100-6,100,6,1,,,
100-7,100,7,2,,,
100-8,100,8,6,,,
100-9,100,9,0,,,
100-11,100,11,7,,,
100-12,100,12,1,,,
100-13,100,13,0,,,
100-14,100,14,6,,,
100-15,100,15,8,,,
100-16,100,16,"0,88",,,
100-19,100,19,E/a,,,
100-20,100,20,E/a,,,
100-21,100,21,N,,,
100-22,100,22,E,,,
100-23,100,23,Y,,,
100-24,100,24,Y,,,
100-25,100,25,N,,,
100-34,100,34,N,,,
100-35,100,35,1,,,
100-39,100,39,n/a,,,
100-41,100,41,Y,,,
100-43,100,43,Y,,,
101-2,101,2,0,,,
101-3,101,3,2,,,
101-5,101,5,-,,,
101-8,101,8,0,,,
101-9,101,9,2,,,
101-11,101,11,0,,,
101-12,101,12,4,,,
101-13,101,13,0,,,
101-14,101,14,-4,,,
101-15,101,15,4,,,
101-16,101,16,0,,,
101-19,101,19,N,,,
101-20,101,20,N,,,
101-21,101,21,A,,,
101-22,101,22,A,,,
101-23,101,23,Y,,,
101-24,101,24,Y,,,
101-25,101,25,Y,,,
101-26,101,26,2,,,
101-27,101,27,Y,,,
101-28,101,28,Y,,,
101-32,101,32,Y,,,
101-34,101,34,N,,,
101-39,101,39,n/a,,,
101-41,101,41,Y,,,
102-2,102,2,2,,,
102-3,102,3,1,,,
102-5,102,5,-,,,
102-8,102,8,4,,,
102-9,102,9,4,,,
102-11,102,11,6,,,
102-12,102,12,5,,,
102-13,102,13,0,,,
102-14,102,14,1,,,
102-15,102,15,11,,,
102-16,102,16,"0,55",,,
102-19,102,19,A,,,
102-20,102,20,A,,,
102-21,102,21,S,,,
102-22,102,22,S,,,
102-23,102,23,N,,,
102-24,102,24,Y,,,
102-25,102,25,Y,,,
102-26,102,26,?,,,
102-28,102,28,Y,,,
102-29,102,29,Y,,,
102-34,102,34,Y,,,
102-34x,102,34x,50+,,,
102-35,102,35,3,,,
102-36,102,36,Y,,,
102-39,102,39,Y,,,
102-40,102,40,Y,,,
102-41,102,41,Y,,,
102-42,102,42,Y,,,
103-2,103,2,2,,,
103-6,103,6,0,,,
103-7,103,7,2,,,
103-8,103,8,0,,,
103-9,103,9,2,,,
103-11,103,11,2,,,
103-12,103,12,2,,,
103-13,103,13,0,,,
103-14,103,14,0,,,
103-15,103,15,4,,,
103-16,103,16,"0,5",,,
103-19,103,19,N,,,
103-20,103,20,N,,,
103-21,103,21,A,,,
103-22,103,22,A,,,
103-23,103,23,Y,,,
103-24,103,24,Y,,,
103-25,103,25,N,,,
103-34,103,34,Y,,,
103-34x,103,34x,29,,,
103-39,103,39,n/aY,,,
103-40,103,40,Y,,,
103-41,103,41,Y,,,
104-2,104,2,1,,,
104-3,104,3,2,,,
104-6,104,6,0,,,
104-7,104,7,0,,,
104-8,104,8,2,,,
104-9,104,9,2,,,
104-11,104,11,3,,,
104-12,104,12,4,,,
104-13,104,13,0,,,
104-14,104,14,-1,,,
104-15,104,15,7,,,
104-16,104,16,"0,13",,,
104-19,104,19,N,,,
104-20,104,20,N,,,
104-21,104,21,A,,,
104-22,104,22,A,,,
104-23,104,23,N,,,
104-24,104,24,Y,,,
104-25,104,25,N,,,
104-34,104,34,N,,,
104-35,104,35,2,,,
104-39,104,39,--,,,
104-41,104,41,Y,,,
104-42,104,42,Y,,,
104-44,104,44,Y,,,
105-2,105,2,2,,,
105-3,105,3,0,,,
105-6,105,6,2,,,
105-7,105,7,0,,,
105-8,105,8,4,,,
105-9,105,9,2,,,
105-11,105,11,6,,,
105-12,105,12,2,,,
105-13,105,13,0,,,
105-14,105,14,4,,,
105-15,105,15,8,,,
105-16,105,16,"0,75",,,
105-19,105,19,N,,,
105-20,105,20,N,,,
105-21,105,21,A.,,,
105-22,105,22,A,,,
105-23,105,23,Y,,,
105-24,105,24,Y,,,
105-25,105,25,N,,,
105-34,105,34,N,,,
105-35,105,35,1.5,,,
105-38,105,38,Y,,,
105-39,105,39,Y,,,
105-42,105,42,Y,,,
105-44,105,44,Y,,,
106-2,106,2,0,,,
106-3,106,3,2,,,
106-5,106,5,-,,,
106-8,106,8,0,,,
106-9,106,9,4,,,
106-11,106,11,0,,,
106-12,106,12,6,,,
106-13,106,13,0,,,
106-14,106,14,-6,,,
106-15,106,15,6,,,
106-16,106,16,0,,,
106-20,106,20,N,,,
106-21,106,21,S,,,
106-22,106,22,S,,,
106-23,106,23,N,,,
106-24,106,24,Y,,,
106-25,106,25,N,,,
106-34,106,34,N,,,
106-35,106,35,2.5,,,
106-39,106,39,n/a,,,
107-2,107,2,0,,,
107-3,107,3,2,,,
107-5,107,5,-,,,
107-8,107,8,0,,,
107-9,107,9,4,,,
107-11,107,11,0,,,
107-12,107,12,6,,,
107-13,107,13,0,,,
107-14,107,14,-6,,,
107-15,107,15,6,,,
107-16,107,16,0,,,
107-19,107,19,N,,,
107-20,107,20,N,,,
107-21,107,21,S/E,,,
107-22,107,22,S,,,
107-23,107,23,Y,,,
107-24,107,24,Y,,,
107-25,107,25,-,,,
107-34,107,34,N,,,
107-35,107,35,2.5,,,
107-39,107,39,n/a,,,
108-2,108,2,0,,,
108-3,108,3,2,,,
108-5,108,5,-,,,
108-8,108,8,4,,,
108-9,108,9,4,,,
108-11,108,11,4,,,
108-12,108,12,6,,,
108-13,108,13,0,,,
108-14,108,14,-2,,,
108-15,108,15,10,,,
108-16,108,16,"0,4",,,
108-19,108,19,A,,,
108-20,108,20,A,,,
108-21,108,21,A,,,
108-22,108,22,A,,,
108-23,108,23,N,,,
108-24,108,24,Y,,,
108-25,108,25,N,,,
108-34,108,34,N,,,
108-35,108,35,3,,,
108-36,108,36,Y,,,
108-37,108,37,Y,,,
108-39,108,39,Y,,,
108-41,108,41,Y,,,
108-42,108,42,Y,,,
109-2,109,2,2,,,
109-3,109,3,0,,,
109-5,109,5,-,,,
109-8,109,8,4,,,
109-9,109,9,0,,,
109-11,109,11,6,,,
109-12,109,12,0,,,
109-13,109,13,0,,,
109-14,109,14,6,,,
109-15,109,15,6,,,
109-16,109,16,1,,,
109-19,109,19,A,,,
109-20,109,20,E,,,
109-21,109,21,N,,,
109-22,109,22,S,,,
109-23,109,23,N,,,
109-24,109,24,Y,,,
109-25,109,25,N,,,
109-35,109,35,3,,,
109-39,109,39,n/a,,,
109-42,109,42,Y,,,
109-44,109,44,Y,,,
110-2,110,2,0,,,
110-3,110,3,2,,,
110-6,110,6,1,,,
110-7,110,7,2,,,
110-8,110,8,6,,,
110-9,110,9,2,,,
110-10,110,10,1,,,
110-11,110,11,6,,,
110-12,110,12,1,,,
110-13,110,13,1,,,
110-14,110,14,1,,,
110-15,110,15,11,,,
110-16,110,16,"0,55",,,
110-19,110,19,E?,,,
110-20,110,20,E,,,
110-21,110,21,E,,,
110-22,110,22,E,,,
110-23,110,23,N,,,
110-24,110,24,Y,,,
110-32,110,32,Y,,,
110-34,110,34,Y,,,
110-34x,110,34x,7,,,
110-35,110,35,1,,,
110-37,110,37,Y,,,
110-39,110,39,Y,,,
110-41,110,41,Y,,,
110-42,110,42,Y,,,
110-43,110,43,Y,,,
110-44,110,44,'',,,
111-2,111,2,0,,,
111-3,111,3,2,,,
111-6,111,6,0,,,
111-7,111,7,0,,,
111-8,111,8,0,,,
111-9,111,9,0,,,
111-10,111,10,2,,,
111-11,111,11,0,,,
111-12,111,12,2,,,
111-13,111,13,2,,,
111-14,111,14,-4,,,
111-15,111,15,4,,,
111-16,111,16,0,,,
111-19,111,19,N?,,,
111-20,111,20,N,,,
111-21,111,21,S/A,,,
111-22,111,22,S,,,
111-23,111,23,N,,,
111-24,111,24,Y,,,
111-25,111,25,-,,,
111-34,111,34,?,,,
111-35,111,35,3,,,
111-39,111,39,n/a,,,
111-42,111,42,Y,,,
112-2,112,2,1,,,
112-3,112,3,1,,,
112-5,112,5,-,,,
112-8,112,8,0,,,
112-9,112,9,4,,,
112-10,112,10,2,,,
112-11,112,11,1,,,
112-12,112,12,5,,,
112-13,112,13,2,,,
112-14,112,14,-6,,,
112-15,112,15,8,,,
112-16,112,16,"0,13",,,
112-19,112,19,N,,,
112-20,112,20,N,,,
112-21,112,21,A,,,
112-22,112,22,A,,,
112-23,112,23,Y,,,
112-24,112,24,-,,,
112-25,112,25,-,,,
112-34,112,34,N,,,
112-35,112,35,1.5,,,
112-39,112,39,n/a,,,
112-41,112,41,Y,,,
112-42,112,42,Y,,,
112-43,112,43,Y,,,
113-2,113,2,0,,,
113-3,113,3,2,,,
113-6,113,6,0,,,
113-7,113,7,2,,,
113-8,113,8,0,,,
113-9,113,9,4,,,
113-11,113,11,0,,,
113-12,113,12,6,,,
113-13,113,13,0,,,
113-14,113,14,-6,,,
113-15,113,15,6,,,
113-16,113,16,0,,,
113-19,113,19,N,,,
113-20,113,20,N,,,
113-21,113,21,A,,,
113-22,113,22,A,,,
113-23,113,23,N,,,
113-24,113,24,Y,,,
113-25,113,25,-,,,
113-34,113,34,N,,,
113-35,113,35,1,,,
113-39,113,39,n/a,,,
114-2,114,2,0,,,
114-3,114,3,2,,,
114-6,114,6,0,,,
114-7,114,7,2,,,
114-8,114,8,0,,,
114-9,114,9,4,,,
114-11,114,11,0,,,
114-12,114,12,6,,,
114-13,114,13,0,,,
114-14,114,14,-6,,,
114-15,114,15,6,,,
114-16,114,16,0,,,
114-19,114,19,N,,,
114-20,114,20,N,,,
114-21,114,21,A,,,
114-22,114,22,A,,,
114-23,114,23,N,,,
114-24,114,24,Y,,,
114-25,114,25,N,,,
114-34,114,34,N,,,
114-39,114,39,n/a,,,
114-41,114,41,Y,,,
114-42,114,42,Y,,,
114-44,114,44,Y,,,
115-2,115,2,1,,,
115-3,115,3,2,,,
115-5,115,5,-,,,
115-8,115,8,0,,,
115-9,115,9,4,,,
115-11,115,11,1,,,
115-12,115,12,6,,,
115-13,115,13,0,,,
115-14,115,14,-5,,,
115-15,115,15,7,,,
115-16,115,16,"0,14",,,
115-19,115,19,N,,,
115-20,115,20,N,,,
115-21,115,21,S/A,,,
115-22,115,22,S,,,
115-23,115,23,N,,,
115-24,115,24,Y,,,
115-25,115,25,N,,,
115-34,115,34,N,,,
115-35,115,35,1,,,
115-39,115,39,n/a,,,
115-41,115,41,Y,,,
115-42,115,42,Y,,,
115-44,115,44,Y,,,
116-2,116,2,2,,,
116-3,116,3,1,,,
116-5,116,5,-,,,
116-8,116,8,4,,,
116-9,116,9,4,,,
116-11,116,11,6,,,
116-12,116,12,5,,,
116-13,116,13,0,,,
116-14,116,14,1,,,
116-15,116,15,11,,,
116-16,116,16,"0,55",,,
116-19,116,19,3,,,
116-20,116,20,E,,,
116-21,116,21,A,,,
116-22,116,22,E?,,,
116-23,116,23,Y,,,
116-24,116,24,-,,,
116-25,116,25,-,,,
116-34,116,34,N,,,
116-35,116,35,1,,,
116-37,116,37,Y,,,
116-39,116,39,Y,,,
116-41,116,41,Y,,,
117-2,117,2,1,,,
117-3,117,3,2,,,
117-6,117,6,0,,,
117-7,117,7,2,,,
117-8,117,8,4,,,
117-9,117,9,0,,,
117-10,117,10,2,,,
117-11,117,11,5,,,
117-12,117,12,2,,,
117-13,117,13,2,,,
117-14,117,14,1,,,
117-15,117,15,9,,,
117-16,117,16,"0,56",,,
117-19,117,19,A,,,
117-20,117,20,A,,,
117-21,117,21,A,,,
117-22,117,22,A,,,
117-23,117,23,N,,,
117-24,117,24,Y,,,
117-25,117,25,-,,,
117-27,117,27,?,,,
117-34,117,34,N,,,
117-35,117,35,2,,,
117-39,117,39,n/a,,,
117-42,117,42,Y,,,
118-2,118,2,3,,,
118-3,118,3,0,,,
118-6,118,6,0,,,
118-7,118,7,0,,,
118-8,118,8,4,,,
118-9,118,9,2,,,
118-11,118,11,7,,,
118-12,118,12,2,,,
118-13,118,13,0,,,
118-14,118,14,5,,,
118-15,118,15,9,,,
118-16,118,16,"0,78",,,
118-19,118,19,A,,,
118-20,118,20,A,,,
118-21,118,21,A,,,
118-22,118,22,A,,,
118-23,118,23,N,,,
118-24,118,24,Y,,,
118-25,118,25,N,,,
118-34,118,34,N,,,
118-35,118,35,3,,,
118-37,118,37,Y,,,
118-39,118,39,Y,,,
118-42,118,42,Y,,,
119-2,119,2,0,,,
119-3,119,3,2,,,
119-6,119,6,0,,,
119-7,119,7,2,,,
119-8,119,8,0,,,
119-9,119,9,4,,,
119-11,119,11,0,,,
119-12,119,12,6,,,
119-13,119,13,0,,,
119-14,119,14,-6,,,
119-15,119,15,6,,,
119-16,119,16,0,,,
119-19,119,19,N,,,
119-20,119,20,N,,,
119-21,119,21,A,,,
119-22,119,22,A,,,
119-23,119,23,N,,,
119-24,119,24,Y,,,
119-25,119,25,N,,,
119-26,119,26,N,,,
119-27,119,27,2,,,
119-39,119,39,n/a,,,
119-40,119,40,Y,,,
120-2,120,2,0,,,
120-3,120,3,2,,,
120-7,120,7,2,,,
120-8,120,8,0,,,
120-9,120,9,2,,,
120-11,120,11,0,,,
120-12,120,12,4,,,
120-13,120,13,0,,,
120-14,120,14,-4,,,
120-15,120,15,4,,,
120-16,120,16,0,,,
120-19,120,19,N,,,
120-20,120,20,N,,,
120-21,120,21,A,,,
120-22,120,22,A,,,
120-23,120,23,N,,,
120-25,120,25,N,,,
120-27,120,27,1,,,
120-39,120,39,n/a,,,
120-40,120,40,Y,,,
120-41,120,41,Y,,,
120-44,120,44,Y,,,
121-2,121,2,1,,,
121-3,121,3,2,,,
121-5,121,5,NP,,,
121-6,121,6,0,,,
121-7,121,7,2,,,
121-8,121,8,0,,,
121-9,121,9,2,,,
121-10,121,10,2,,,
121-11,121,11,1,,,
121-12,121,12,-1,,,
121-13,121,13,2,,,
121-14,121,14,-5,,,
121-15,121,15,7,,,
121-16,121,16,"0,14",,,
121-19,121,19,N,,,
121-20,121,20,N,,,
121-21,121,21,A,,,
121-22,121,22,A,,,
121-23,121,23,N,,,
121-24,121,24,Y,,,
121-25,121,25,N,,,
121-26,121,26,N,,,
121-27,121,27,1,,,
121-39,121,39,n/a,,,
121-40,121,40,Y,,,
121-41,121,41,Y,,,
121-42,121,42,Y,,,
121-44,121,44,Y,,,
122-2,122,2,0,,,
122-3,122,3,2,,,
122-8,122,8,4,,,
122-9,122,9,2,,,
122-10,122,10,1,,,
122-11,122,11,4,,,
122-12,122,12,4,,,
122-13,122,13,1,,,
122-14,122,14,-1,,,
122-15,122,15,9,,,
122-16,122,16,"0,44",,,
122-19,122,19,A,,,
122-20,122,20,A,,,
122-21,122,21,A,,,
122-22,122,22,A,,,
122-23,122,23,N,,,
122-24,122,24,Y,,,
122-25,122,25,Y,,,
122-26,122,26,2,,,
122-29,122,29,Y,,,
122-31,122,31,Y,,,
122-32,122,32,Y,,,
122-34,122,34,N,,,
122-35,122,35,1,,,
122-37,122,37,Y,,,
122-39,122,39,Y,,,
122-40,122,40,Y,,,
122-41,122,41,Y,,,
122-44,122,44,Y,,,
123-2,123,2,3,,,
123-3,123,3,2,,,
123-6,123,6,1,,,
123-7,123,7,1,,,
123-8,123,8,4,,,
123-9,123,9,2,,,
123-10,123,10,2,,,
123-11,123,11,7,,,
123-12,123,12,4,,,
123-13,123,13,2,,,
123-14,123,14,1,,,
123-15,123,15,13,,,
123-16,123,16,"0,54",,,
123-19,123,19,A,,,
123-20,123,20,A,,,
123-21,123,21,A,,,
123-22,123,22,A,,,
123-23,123,23,Y,,,
123-24,123,24,?,,,
123-25,123,25,N,,,
123-34,123,34,N,,,
123-35,123,35,3,,,
123-36,123,36,Y,,,
123-37,123,37,Y,,,
123-39,123,39,Y,,,
123-40,123,40,Y,,,
123-41,123,41,Y,,,
124-2,124,2,3,,,
124-3,124,3,0,,,
124-6,124,6,?,,,
124-8,124,8,4,,,
124-9,124,9,2,,,
124-10,124,10,1,,,
124-11,124,11,7,,,
124-12,124,12,2,,,
124-13,124,13,1,,,
124-14,124,14,4,,,
124-15,124,15,10,,,
124-16,124,16,"0,7",,,
124-19,124,19,A,,,
124-20,124,20,A,,,
124-21,124,21,E,,,
124-22,124,22,E,,,
124-23,124,23,Y,,,
124-24,124,24,Y,,,
124-25,124,25,N,,,
124-34,124,34,Y,,,
124-34x,124,34x,',,,
124-35,124,35,1,,,
124-39,124,39,--,,,
124-41,124,41,Y,,,
125-2,125,2,0,,,
125-3,125,3,2,,,
125-6,125,6,0,,,
125-7,125,7,2,,,
125-8,125,8,0,,,
125-9,125,9,1,,,
125-11,125,11,0,,,
125-12,125,12,6,,,
125-13,125,13,0,,,
125-14,125,14,-6,,,
125-15,125,15,6,,,
125-16,125,16,0,,,
125-19,125,19,N?,,,
125-20,125,20,N,,,
125-21,125,21,A?,,,
125-22,125,22,A?,,,
125-23,125,23,N,,,
125-24,125,24,Y,,,
125-25,125,25,N,,,
125-34,125,34,N,,,
125-39,125,39,n/a,,,
125-44,125,44,Y,,,
126-2,126,2,2,,,
126-3,126,3,0,,,
126-8,126,8,0,,,
126-9,126,9,3,,,
126-11,126,11,2,,,
126-12,126,12,3,,,
126-13,126,13,0,,,
126-14,126,14,-1,,,
126-15,126,15,5,,,
126-16,126,16,"0,1",,,
126-19,126,19,N,,,
126-20,126,20,N,,,
126-21,126,21,A,,,
126-22,126,22,A,,,
126-23,126,23,N,,,
126-24,126,24,-,,,
126-25,126,25,-,,,
126-34,126,34,N,,,
126-39,126,39,n/a,,,
126-40,126,40,Y,,,
126-41,126,41,Y,,,
127-2,127,2,1,,,
127-3,127,3,2,,,
127-6,127,6,2,,,
127-7,127,7,0,,,
127-8,127,8,4,,,
127-9,127,9,4,,,
127-11,127,11,5,,,
127-12,127,12,6,,,
127-13,127,13,0,,,
127-14,127,14,-1,,,
127-15,127,15,11,,,
127-16,127,16,"0,45",,,
127-19,127,19,N,,,
127-20,127,20,N,,,
127-21,127,21,A,,,
127-22,127,22,A,,,
127-23,127,23,N,,,
127-24,127,24,-,,,
127-25,127,25,-,,,
127-29,127,29,Y,,,
127-34,127,34,Y,,,
127-35,127,35,1,,,
127-39,127,39,--,,,
127-41,127,41,Y,,,
127-43,127,43,',,,
128-2,128,2,2,,,
128-3,128,3,2,,,
128-8,128,8,6,,,
128-9,128,9,4,,,
128-11,128,11,8,,,
128-12,128,12,6,,,
128-13,128,13,0,,,
128-14,128,14,2,,,
128-15,128,15,14,,,
128-16,128,16,"0,57",,,
128-19,128,19,A,,,
128-20,128,20,A,,,
128-21,128,21,A,,,
128-22,128,22,A,,,
128-23,128,23,Y,,,
128-24,128,24,N,,,
128-25,128,25,N,,,
128-34,128,34,N,,,
128-37,128,37,Y,,,
128-39,128,39,Y,,,
128-40,128,40,Y,,,
128-41,128,41,Y,,,
128-43,128,43,Y,,,
128-44,128,44,Y,,,
129-2,129,2,0,,,
129-3,129,3,2,,,
129-6,129,6,0,,,
129-7,129,7,2,,,
129-8,129,8,0,,,
129-9,129,9,4,,,
129-11,129,11,0,,,
129-12,129,12,6,,,
129-13,129,13,0,,,
129-14,129,14,-5,,,
129-15,129,15,6,,,
129-16,129,16,0,,,
129-19,129,19,N,,,
129-20,129,20,N,,,
129-21,129,21,A,,,
129-22,129,22,A,,,
129-23,129,23,N,,,
129-24,129,24,Y,,,
129-25,129,25,N,,,
129-34,129,34,N,,,
129-35,129,35,3,,,
129-39,129,39,n/a,,,
129-40,129,40,Y,,,
129-41,129,41,Y,,,
129-42,129,42,Y,,,
130-2,130,2,0,,,
130-3,130,3,2,,,
130-6,130,6,0,,,
130-7,130,7,0,,,
130-8,130,8,0,,,
130-9,130,9,4,,,
130-11,130,11,0,,,
130-12,130,12,6,,,
130-13,130,13,0,,,
130-14,130,14,-6,,,
130-15,130,15,6,,,
130-16,130,16,0,,,
130-19,130,19,?,,,
130-20,130,20,N,,,
130-21,130,21,S/A,,,
130-22,130,22,S,,,
130-23,130,23,N,,,
130-24,130,24,Y,,,
130-25,130,25,-,,,
130-34,130,34,?,,,
130-34x,130,34x,',,,
130-35,130,35,3,,,
130-39,130,39,n/a,,,
131-2,131,2,2,,,
131-3,131,3,1,,,
131-6,131,6,1,,,
131-7,131,7,1,,,
131-8,131,8,4,,,
131-9,131,9,2,,,
131-11,131,11,6,,,
131-12,131,12,3,,,
131-13,131,13,0,,,
131-14,131,14,3,,,
131-15,131,15,9,,,
131-16,131,16,"0,67",,,
131-19,131,19,A?,,,
131-20,131,20,A?,,,
131-21,131,21,N?,,,
131-22,131,22,A,,,
131-23,131,23,N,,,
131-24,131,24,Y,,,
131-25,131,25,N,,,
131-34,131,34,N,,,
131-35,131,35,3,,,
131-39,131,39,--,,,
132-2,132,2,0,,,
132-3,132,3,2,,,
132-6,132,6,0,,,
132-7,132,7,2,,,
132-8,132,8,1,,,
132-9,132,9,4,,,
132-11,132,11,1,,,
132-12,132,12,6,,,
132-13,132,13,0,,,
132-14,132,14,-5,,,
132-15,132,15,7,,,
132-16,132,16,"0,14",,,
132-19,132,19,N,,,
132-20,132,20,N,,,
132-21,132,21,A,,,
132-22,132,22,A,,,
132-23,132,23,Y,,,
132-24,132,24,Y,,,
132-25,132,25,-,,,
132-34,132,34,N,,,
132-35,132,35,3,,,
132-37,132,37,Y,,,
132-39,132,39,Y,,,
132-41,132,41,Y,,,
132-42,132,42,Y,,,
132-44,132,44,Y,,,
133-2,133,2,2,,,
133-3,133,3,0,,,
133-5,133,5,-,,,
133-8,133,8,4,,,
133-9,133,9,2,,,
133-11,133,11,6,,,
133-12,133,12,2,,,
133-13,133,13,0,,,
133-14,133,14,4,,,
133-15,133,15,8,,,
133-16,133,16,"0,75",,,
133-19,133,19,A,,,
133-20,133,20,A,,,
133-21,133,21,A,,,
133-22,133,22,A,,,
133-23,133,23,Y,,,
133-24,133,24,Y,,,
133-25,133,25,-,,,
133-34,133,34,N,,,
133-39,133,39,--,,,
133-40,133,40,Y,,,
133-41,133,41,Y,,,
134-2,134,2,0,,,
134-3,134,3,2,,,
134-5,134,5,-,,,
134-8,134,8,0,,,
134-9,134,9,6,,,
134-11,134,11,0,,,
134-12,134,12,8,,,
134-13,134,13,0,,,
134-14,134,14,-8,,,
134-15,134,15,8,,,
134-16,134,16,0,,,
134-19,134,19,N,,,
134-20,134,20,N,,,
134-21,134,21,E,,,
134-22,134,22,E,,,
134-23,134,23,Y,,,
134-24,134,24,Y,,,
134-25,134,25,Y,,,
134-26,134,26,6,,,
134-28,134,28,Y,,,
134-30,134,30,Y,,,
134-31,134,31,Y,,,
134-32,134,32,Y,,,
134-34,134,34,N,,,
134-35,134,35,1,,,
134-39,134,39,n/a,,,
134-40,134,40,Y,,,
134-41,134,41,Y,,,
134-42,134,42,?,,,
134-44,134,44,Y,,,
135-2,135,2,3,,,
135-3,135,3,0,,,
135-6,135,6,2,,,
135-7,135,7,0,,,
135-8,135,8,6,,,
135-9,135,9,0,,,
135-11,135,11,9,,,
135-12,135,12,0,,,
135-13,135,13,0,,,
135-14,135,14,9,,,
135-15,135,15,9,,,
135-16,135,16,1,,,
135-19,135,19,A,,,
135-20,135,20,A,,,
135-21,135,21,N,,,
135-22,135,22,A,,,
135-23,135,23,Y,,,
135-24,135,24,-,,,
135-25,135,25,N,,,
135-34,135,34,N,,,
135-35,135,35,3,,,
135-39,135,39,n/a,,,
135-40,135,40,Y,,,
135-41,135,41,Y,,,
136-2,136,2,0,,,
136-3,136,3,2,,,
136-6,136,6,1,,,
136-7,136,7,2,,,
136-8,136,8,1,,,
136-9,136,9,4,,,
136-11,136,11,1,,,
136-12,136,12,6,,,
136-13,136,13,0,,,
136-14,136,14,-5,,,
136-15,136,15,7,,,
136-16,136,16,"0,14",,,
136-19,136,19,A,,,
136-20,136,20,N,,,
136-21,136,21,A,,,
136-22,136,22,A,,,
136-23,136,23,N,,,
136-34,136,34,Y,,,
136-34x,136,34x,15,,,
136-37,136,37,Y,,,
136-39,136,39,Y,,,
136-40,136,40,Y,,,
136-44,136,44,Y,,,
137-2,137,2,1,,,
137-3,137,3,0,,,
137-5,137,5,-,,,
137-8,137,8,2,,,
137-9,137,9,0,,,
137-11,137,11,3,,,
137-12,137,12,0,,,
137-13,137,13,0,,,
137-14,137,14,3,,,
137-15,137,15,3,,,
137-16,137,16,1,,,
137-19,137,19,A,,,
137-20,137,20,N,,,
137-21,137,21,N,,,
137-22,137,22,N,,,
137-23,137,23,N,,,
137-24,137,24,-,,,
137-25,137,25,N,,,
137-28,137,28,Y,,,
137-34,137,34,N,,,
137-35,137,35,3,,,
137-39,137,39,n/a,,,
137-41,137,41,Y,,,
138-2,138,2,0,,,
138-3,138,3,1,,,
138-6,138,6,0,,,
138-7,138,7,0,,,
138-8,138,8,0,,,
138-9,138,9,3,,,
138-11,138,11,0,,,
138-12,138,12,4,,,
138-13,138,13,0,,,
138-14,138,14,-4,,,
138-15,138,15,4,,,
138-16,138,16,0,,,
138-19,138,19,N,,,
138-20,138,20,N,,,
138-21,138,21,A/3,,,
138-22,138,22,A,,,
138-23,138,23,-,,,
138-24,138,24,-,,,
138-25,138,25,-,,,
138-34,138,34,N,,,
138-35,138,35,3,,,
138-39,138,39,n/a,,,
139-2,139,2,0,,,
139-3,139,3,0,,,
139-6,139,6,0,,,
139-7,139,7,0,,,
139-8,139,8,0,,,
139-9,139,9,2,,,
139-11,139,11,0,,,
139-12,139,12,2,,,
139-13,139,13,0,,,
139-14,139,14,-2,,,
139-15,139,15,2,,,
139-16,139,16,0,,,
139-19,139,19,N,,,
139-20,139,20,N,,,
139-21,139,21,A,,,
139-22,139,22,A,,,
139-23,139,23,N,,,
139-24,139,24,?,,,
139-25,139,25,N,,,
139-34,139,34,N,,,
139-35,139,35,3,,,
139-39,139,39,n/-,,,
139-41,139,41,Y,,,
139-44,139,44,Y,,,
140-2,140,2,0,,,
140-3,140,3,2,,,
140-6,140,6,0,,,
140-7,140,7,2,,,
140-8,140,8,4,,,
140-9,140,9,6,,,
140-11,140,11,4,,,
140-12,140,12,8,,,
140-13,140,13,0,,,
140-14,140,14,-4,,,
140-15,140,15,12,,,
140-16,140,16,"0,33",,,
140-19,140,19,A,,,
140-20,140,20,A,,,
140-21,140,21,S/A,,,
140-22,140,22,S,,,
140-23,140,23,Y,,,
140-24,140,24,Y,,,
140-25,140,25,N,,,
140-34,140,34,N,,,
140-35,140,35,3,,,
140-37,140,37,Y,,,
140-39,140,39,Y,,,
140-40,140,40,Y,,,
140-41,140,41,Y,,,
141-2,141,2,0,,,
141-3,141,3,2,,,
141-5,141,5,-,,,
141-8,141,8,0,,,
141-9,141,9,4,,,
141-11,141,11,0,,,
141-12,141,12,6,,,
141-13,141,13,0,,,
141-14,141,14,-6,,,
141-15,141,15,6,,,
141-16,141,16,0,,,
141-19,141,19,N,,,
141-20,141,20,N,,,
141-21,141,21,H,,,
141-22,141,22,H,,,
141-23,141,23,Y,,,
141-24,141,24,Y,,,
141-25,141,25,Y,,,
141-26,141,26,2,,,
141-30,141,30,Y,,,
141-32,141,32,Y,,,
141-34,141,34,N,,,
141-39,141,39,n/a,,,
141-40,141,40,Y,,,
141-41,141,41,Y,,,
141-42,141,42,Y,,,
141-44,141,44,Y,,,
142-2,142,2,1,,,
142-3,142,3,1,,,
142-5,142,5,-,,,
142-8,142,8,0,,,
142-9,142,9,6,,,
142-11,142,11,1,,,
142-12,142,12,7,,,
142-13,142,13,0,,,
142-14,142,14,-6,,,
142-15,142,15,8,,,
142-16,142,16,"0,13",,,
142-19,142,19,N,,,
142-20,142,20,N,,,
142-21,142,21,H/A,,,
142-22,142,22,H,,,
142-23,142,23,N,,,
142-24,142,24,Y,,,
142-25,142,25,Y,,,
142-27,142,27,4,,,
142-28,142,28,?,,,
142-32,142,32,Y,,,
142-34,142,34,N,,,
142-35,142,35,3,,,
142-39,142,39,n/a,,,
142-40,142,40,Y,,,
142-41,142,41,Y,,,
143-2,143,2,0,,,
143-3,143,3,2,,,
143-6,143,6,0,,,
143-7,143,7,2,,,
143-8,143,8,0,,,
143-9,143,9,4,,,
143-11,143,11,0,,,
143-12,143,12,6,,,
143-13,143,13,0,,,
143-14,143,14,-6,,,
143-15,143,15,6,,,
143-16,143,16,0,,,
143-19,143,19,N,,,
143-20,143,20,N,,,
143-21,143,21,S,,,
143-22,143,22,S,,,
143-23,143,23,Y,,,
143-24,143,24,Y,,,
143-25,143,25,N,,,
143-35,143,35,3,,,
143-39,143,39,n/a,,,
143-41,143,41,Y,,,
143-42,143,42,Y,,,
143-44,143,44,Y,,,
144-2,144,2,1,,,
144-3,144,3,2,,,
144-5,144,5,-,,,
144-8,144,8,0,,,
144-9,144,9,4,,,
144-11,144,11,1,,,
144-12,144,12,6,,,
144-13,144,13,0,,,
144-14,144,14,-5,,,
144-15,144,15,7,,,
144-16,144,16,"0,14",,,
144-19,144,19,N,,,
144-20,144,20,N,,,
144-21,144,21,A?,,,
144-22,144,22,A?,,,
144-23,144,23,N,,,
144-39,144,39,n/a,,,
144-40,144,40,Y,,,
144-41,144,41,Y,,,
144-44,144,44,Y,,,
145-2,145,2,0,,,
145-3,145,3,2,,,
145-5,145,5,-,,,
145-8,145,8,0,,,
145-9,145,9,4,,,
145-11,145,11,0,,,
145-12,145,12,6,,,
145-13,145,13,0,,,
145-14,145,14,-6,,,
145-15,145,15,6,,,
145-16,145,16,0,,,
145-19,145,19,N,,,
145-20,145,20,N,,,
145-21,145,21,S/E,,,
145-22,145,22,Sg,,,
145-23,145,23,Y,,,
145-24,145,24,Y,,,
145-25,145,25,~,,,
145-34,145,34,N,,,
145-39,145,39,n/a,,,
145-41,145,41,y,,,
146-2,146,2,0,,,
146-3,146,3,2,,,
146-5,146,5,-,,,
146-8,146,8,0,,,
146-9,146,9,4,,,
146-11,146,11,0,,,
146-12,146,12,6,,,
146-13,146,13,0,,,
146-14,146,14,-6,,,
146-15,146,15,6,,,
146-16,146,16,0,,,
146-19,146,19,N,,,
146-20,146,20,N,,,
146-21,146,21,S,,,
146-22,146,22,S,,,
146-23,146,23,Y,,,
146-24,146,24,Y,,,
146-25,146,25,-,,,
146-34,146,34,N,,,
146-39,146,39,n/a,,,
146-41,146,41,Y,,,
146-44,146,44,Y,,,
147-2,147,2,2,,,
147-3,147,3,0,,,
147-8,147,8,6,,,
147-9,147,9,4,,,
147-11,147,11,8,,,
147-12,147,12,4,,,
147-13,147,13,0,,,
147-14,147,14,4,,,
147-15,147,15,12,,,
147-16,147,16,"0,67",,,
147-19,147,19,A,,,
147-20,147,20,A,,,
147-21,147,21,S,,,
147-22,147,22,S,,,
147-23,147,23,N,,,
147-24,147,24,Y,,,
147-25,147,25,-,,,
147-34,147,34,N,,,
147-35,147,35,3,,,
147-37,147,37,Y,,,
147-39,147,39,Y,,,
147-41,147,41,Y,,,
148-2,148,2,0,,,
148-3,148,3,2,,,
148-6,148,6,0,,,
148-7,148,7,0,,,
148-8,148,8,0,,,
148-9,148,9,4,,,
148-11,148,11,0,,,
148-12,148,12,6,,,
148-13,148,13,0,,,
148-14,148,14,-6,,,
148-15,148,15,6,,,
148-16,148,16,0,,,
148-19,148,19,N,,,
148-20,148,20,N,,,
148-21,148,21,S/A,,,
148-22,148,22,S,,,
148-23,148,23,N,,,
148-24,148,24,Y,,,
148-25,148,25,Y,,,
148-26,148,26,2,,,
148-27,148,27,Y,,,
148-28,148,28,Y,,,
148-30,148,30,Y,,,
148-32,148,32,Y,,,
148-34,148,34,N,,,
148-35,148,35,3,,,
148-39,148,39,n/a,,,
148-41,148,41,Y,,,
149-2,149,2,0,,,
149-3,149,3,2,,,
149-5,149,5,-,,,
149-8,149,8,0,,,
149-9,149,9,3,,,
149-11,149,11,0,,,
149-12,149,12,5,,,
149-13,149,13,0,,,
149-14,149,14,-5,,,
149-15,149,15,5,,,
149-16,149,16,0,,,
149-19,149,19,N,,,
149-20,149,20,N,,,
149-21,149,21,S/A,,,
149-22,149,22,S,,,
149-23,149,23,Y,,,
149-24,149,24,Y,,,
149-25,149,25,Y,,,
149-26,149,26,5,,,
149-28,149,28,Y,,,
149-30,149,30,Y,,,
149-31,149,31,Y,,,
149-32,149,32,Y,,,
149-34,149,34,N,,,
149-35,149,35,3,,,
149-39,149,39,n/a,,,
150-2,150,2,0,,,
150-3,150,3,1,,,
150-5,150,5,NP,,,
150-8,150,8,0,,,
150-9,150,9,4,,,
150-11,150,11,0,,,
150-12,150,12,5,,,
150-13,150,13,0,,,
150-14,150,14,-5,,,
150-15,150,15,5,,,
150-16,150,16,0,,,
150-19,150,19,N,,,
150-20,150,20,N,,,
150-21,150,21,A,,,
150-22,150,22,A,,,
150-23,150,23,Y,,,
150-25,150,25,N,,,
150-26,150,26,5,,,
150-27,150,27,Y,,,
150-34,150,34,N,,,
150-35,150,35,3,,,
150-39,150,39,n/a,,,
151-2,151,2,0,,,
151-3,151,3,2,,,
151-8,151,8,0,,,
151-9,151,9,2,,,
151-11,151,11,0,,,
151-12,151,12,4,,,
151-13,151,13,0,,,
151-14,151,14,-4,,,
151-15,151,15,4,,,
151-16,151,16,0,,,
151-19,151,19,N,,,
151-20,151,20,N,,,
151-21,151,21,S/E,,,
151-22,151,22,S,,,
151-23,151,23,N,,,
151-24,151,24,Y,,,
151-25,151,25,N,,,
151-34,151,34,N,,,
151-35,151,35,1,,,
151-39,151,39,n/a,,,
151-40,151,40,Y,,,
151-41,151,41,Y,,,
151-42,151,42,Y,,,
152-9,152,9,4,,,
152-11,152,11,0,,,
152-12,152,12,4,,,
152-13,152,13,0,,,
152-14,152,14,-4,,,
152-15,152,15,4,,,
152-16,152,16,0,,,
152-21,152,21,E,,,
152-22,152,22,E?,,,
152-23,152,23,Y,,,
152-24,152,24,Y,,,
152-39,152,39,n/a,,,
152-41,152,41,Y,,,
153-2,153,2,0,,,
153-3,153,3,2,,,
153-6,153,6,0,,,
153-7,153,7,0,,,
153-8,153,8,4,,,
153-9,153,9,2,,,
153-11,153,11,4,,,
153-12,153,12,4,,,
153-13,153,13,0,,,
153-14,153,14,0,,,
153-15,153,15,8,,,
153-16,153,16,"0,5",,,
153-19,153,19,A,,,
153-20,153,20,N,,,
153-21,153,21,A,,,
153-22,153,22,A,,,
153-23,153,23,Y,,,
153-25,153,25,N,,,
153-34,153,34,N,,,
153-35,153,35,3,,,
153-36,153,36,Y,,,
153-37,153,37,Y,,,
153-38,153,38,Y,,,
153-39,153,39,Y,,,
154-2,154,2,0,,,
154-3,154,3,2,,,
154-8,154,8,0,,,
154-9,154,9,4,,,
154-11,154,11,0,,,
154-12,154,12,6,,,
154-13,154,13,0,,,
154-14,154,14,-6,,,
154-15,154,15,6,,,
154-16,154,16,0,,,
154-19,154,19,N,,,
154-20,154,20,N,,,
154-21,154,21,H,,,
154-22,154,22,H,,,
154-23,154,23,Y,,,
154-24,154,24,-,,,
154-25,154,25,N,,,
154-39,154,39,n/a,,,
154-40,154,40,Y,,,
154-41,154,41,Y,,,
154-44,154,44,Y,,,
155-2,155,2,0,,,
155-3,155,3,1,,,
155-6,155,6,0,,,
155-7,155,7,1,,,
155-8,155,8,0,,,
155-9,155,9,1,,,
155-11,155,11,0,,,
155-12,155,12,2,,,
155-13,155,13,0,,,
155-14,155,14,-2,,,
155-15,155,15,2,,,
155-16,155,16,0,,,
155-19,155,19,N,,,
155-20,155,20,N,,,
155-21,155,21,A,,,
155-22,155,22,A,,,
155-23,155,23,Y,,,
155-24,155,24,-,,,
155-25,155,25,N,,,
155-34,155,34,N,,,
155-35,155,35,1,,,
155-39,155,39,n/a,,,
155-41,155,41,Y,,,
156-2,156,2,1,,,
156-3,156,3,2,,,
156-6,156,6,0,,,
156-7,156,7,2,,,
156-8,156,8,0,,,
156-9,156,9,4,,,
156-11,156,11,1,,,
156-12,156,12,6,,,
156-13,156,13,0,,,
156-14,156,14,-5,,,
156-15,156,15,7,,,
156-16,156,16,"0,14",,,
156-19,156,19,N,,,
156-20,156,20,N,,,
156-21,156,21,A,,,
156-22,156,22,A,,,
156-23,156,23,N,,,
156-25,156,25,N,,,
156-34,156,34,N,,,
156-35,156,35,1,,,
156-39,156,39,n/a,,,
156-40,156,40,Y,,,
156-41,156,41,Y,,,
156-42,156,42,Y,,,
156-43,156,43,Y,,,
157-2,157,2,3,,,
157-3,157,3,2,,,
157-8,157,8,4,,,
157-10,157,10,4,,,
157-11,157,11,7,,,
157-12,157,12,2,,,
157-13,157,13,4,,,
157-14,157,14,1,,,
157-15,157,15,13,,,
157-16,157,16,"0,54",,,
157-19,157,19,A,,,
157-20,157,20,A,,,
157-21,157,21,A,,,
157-22,157,22,A,,,
157-23,157,23,N,,,
157-24,157,24,?,,,
157-34,157,34,Y,,,
157-34x,157,34x,10,,,
157-35,157,35,1,,,
157-39,157,39,n/a,,,
157-40,157,40,Y,,,
157-41,157,41,Y,,,
158-2,158,2,1,,,
158-3,158,3,2,,,
158-6,158,6,0,,,
158-7,158,7,2,,,
158-8,158,8,0,,,
158-9,158,9,4,,,
158-11,158,11,1,,,
158-12,158,12,6,,,
158-13,158,13,0,,,
158-14,158,14,-5,,,
158-15,158,15,7,,,
158-16,158,16,"0,14",,,
158-19,158,19,N,,,
158-20,158,20,N,,,
158-21,158,21,H/A,,,
158-22,158,22,H,,,
158-23,158,23,Y,,,
158-24,158,24,N,,,
158-25,158,25,N,,,
158-34,158,34,Y,,,
158-35,158,35,1.5,,,
158-39,158,39,n/a,,,
158-40,158,40,Y,,,
158-41,158,41,Y,,,
158-42,158,42,Y,,,
158-43,158,43,Y,,,
159-2,159,2,0,,,
159-3,159,3,2,,,
159-5,159,5,NP?,,,
159-6,159,6,0,,,
159-7,159,7,2,,,
159-8,159,8,0,,,
159-9,159,9,4,,,
159-11,159,11,0,,,
159-12,159,12,6,,,
159-13,159,13,0,,,
159-14,159,14,-6,,,
159-15,159,15,6,,,
159-16,159,16,0,,,
159-19,159,19,N,,,
159-20,159,20,N,,,
159-21,159,21,E,,,
159-22,159,22,E,,,
159-23,159,23,N,,,
159-24,159,24,Y,,,
159-25,159,25,N,,,
159-32,159,32,Y,,,
159-35,159,35,1,,,
159-39,159,39,n/a,,,
159-40,159,40,Y,,,
159-41,159,41,Y,,,
160-2,160,2,0,,,
160-3,160,3,2,,,
160-4,160,4,0,,,
160-5,160,5,NP?,,,
160-8,160,8,0,,,
160-9,160,9,4,,,
160-11,160,11,0,,,
160-12,160,12,6,,,
160-13,160,13,0,,,
160-14,160,14,-6,,,
160-15,160,15,6,,,
160-16,160,16,0,,,
160-19,160,19,N,,,
160-20,160,20,N,,,
160-21,160,21,S,,,
160-22,160,22,S,,,
160-23,160,23,Y,,,
160-24,160,24,Y,,,
160-25,160,25,Y,,,
160-26,160,26,2,,,
160-34,160,34,Y,,,
160-35,160,35,2,,,
160-39,160,39,n/a,,,
160-40,160,40,Y,,,
160-41,160,41,Y,,,
160-44,160,44,Y,,,
161-2,161,2,2,,,
161-3,161,3,1,,,
161-7,161,7,1,,,
161-8,161,8,2,,,
161-9,161,9,2,,,
161-11,161,11,4,,,
161-12,161,12,3,,,
161-13,161,13,0,,,
161-14,161,14,1,,,
161-15,161,15,7,,,
161-16,161,16,"0,57",,,
161-21,161,21,E,,,
161-22,161,22,E?,,,
161-23,161,23,Y,,,
161-24,161,24,Y,,,
161-25,161,25,-,,,
161-34,161,34,N,,,
161-35,161,35,3,,,
161-36,161,36,Y,,,
161-37,161,37,Y,,,
161-38,161,38,Y,,,
161-39,161,39,Y,,,
161-41,161,41,Y,,,
162-2,162,2,2,,,
162-3,162,3,0,,,
162-5,162,5,NP?,,,
162-8,162,8,5,,,
162-9,162,9,2,,,
162-11,162,11,7,,,
162-12,162,12,2,,,
162-13,162,13,0,,,
162-14,162,14,5,,,
162-15,162,15,9,,,
162-16,162,16,"0,78",,,
162-19,162,19,A,,,
162-20,162,20,E,,,
162-21,162,21,A/N,,,
162-22,162,22,A,,,
162-23,162,23,N,,,
162-25,162,25,N,,,
162-35,162,35,3,,,
162-36,162,36,N,,,
162-38,162,38,N,,,
162-41,162,41,Y,,,
162-44,162,44,Y,,,
163-2,163,2,0,,,
163-3,163,3,2,,,
163-5,163,5,F,,,
163-8,163,8,2,,,
163-9,163,9,4,,,
163-11,163,11,2,,,
163-12,163,12,6,,,
163-13,163,13,0,,,
163-14,163,14,-4,,,
163-15,163,15,8,,,
163-16,163,16,"0,25",,,
163-19,163,19,N,,,
163-20,163,20,N,,,
163-21,163,21,A?,,,
163-22,163,22,A?,,,
163-23,163,23,Y,,,
163-25,163,25,N,,,
163-34,163,34,N,,,
163-35,163,35,1,,,
164-2,164,2,0,,,
164-3,164,3,1,,,
164-6,164,6,0,,,
164-7,164,7,1,,,
164-8,164,8,4,,,
164-9,164,9,2,,,
164-11,164,11,4,,,
164-12,164,12,3,,,
164-13,164,13,0,,,
164-14,164,14,1,,,
164-15,164,15,7,,,
164-16,164,16,"0,57",,,
164-19,164,19,A,,,
164-20,164,20,N,,,
164-21,164,21,S/A,,,
164-22,164,22,S,,,
164-23,164,23,Y,,,
164-25,164,25,N,,,
164-34,164,34,N,,,
164-35,164,35,2,,,
164-36,164,36,N,,,
164-37,164,37,Y,,,
164-38,164,38,N,,,
164-39,164,39,Y,,,
164-40,164,40,Y,,,
164-41,164,41,Y,,,
164-42,164,42,Y,,,
165-2,165,2,0,,,
165-3,165,3,2,,,
165-8,165,8,0,,,
165-9,165,9,2,,,
165-11,165,11,0,,,
165-12,165,12,4,,,
165-13,165,13,0,,,
165-14,165,14,-4,,,
165-15,165,15,4,,,
165-16,165,16,0,,,
165-23,165,23,?,,,
165-24,165,24,-,,,
165-25,165,25,-,,,
165-39,165,39,n/a,,,
166-2,166,2,0,,,
166-3,166,3,2,,,
166-6,166,6,0,,,
166-7,166,7,1,,,
166-8,166,8,2,,,
166-9,166,9,4,,,
166-11,166,11,2,,,
166-12,166,12,6,,,
166-13,166,13,0,,,
166-14,166,14,-4,,,
166-15,166,15,8,,,
166-16,166,16,"0,25",,,
166-19,166,19,N,,,
166-20,166,20,N,,,
166-21,166,21,A?,,,
166-22,166,22,A?,,,
166-23,166,23,Y,,,
166-24,166,24,Y,,,
166-25,166,25,N,,,
166-34,166,34,N,,,
166-35,166,35,2,,,
166-36,166,36,Y,,,
166-39,166,39,Y,,,
166-40,166,40,Y,,,
166-41,166,41,Y,,,
167-2,167,2,2,,,
167-3,167,3,2,,,
167-8,167,8,2,,,
167-9,167,9,4,,,
167-11,167,11,4,,,
167-12,167,12,6,,,
167-13,167,13,0,,,
167-14,167,14,-2,,,
167-15,167,15,10,,,
167-16,167,16,"0,4",,,
167-19,167,19,N7,,,
167-20,167,20,N?,,,
167-21,167,21,A?,,,
167-22,167,22,A?,,,
167-23,167,23,Y,,,
167-24,167,24,-,,,
167-25,167,25,-,,,
167-34,167,34,N,,,
167-36,167,36,Y,,,
167-37,167,37,Y,,,
167-38,167,38,Y,,,
167-39,167,39,Y,,,
167-41,167,41,Y,,,
168-2,168,2,2,,,
168-3,168,3,2,,,
168-8,168,8,4,,,
168-9,168,9,4,,,
168-11,168,11,6,,,
168-12,168,12,6,,,
168-13,168,13,0,,,
168-14,168,14,0,,,
168-15,168,15,12,,,
168-16,168,16,"0,5",,,
168-19,168,19,A,,,
168-20,168,20,A,,,
168-21,168,21,A,,,
168-22,168,22,A,,,
168-23,168,23,N,,,
168-24,168,24,N,,,
168-25,168,25,N,,,
168-34,168,34,N,,,
168-35,168,35,3,,,
168-39,168,39,n/a,,,
168-40,168,40,Y,,,
168-41,168,41,Y,,,
169-2,169,2,0,,,
169-3,169,3,2,,,
169-8,169,8,2,,,
169-9,169,9,4,,,
169-11,169,11,2,,,
169-12,169,12,6,,,
169-13,169,13,0,,,
169-14,169,14,-4,,,
169-15,169,15,8,,,
169-16,169,16,"0,25",,,
169-19,169,19,N,,,
169-20,169,20,N,,,
169-21,169,21,A?,,,
169-22,169,22,A?,,,
169-23,169,23,N,,,
169-24,169,24,-,,,
169-25,169,25,-,,,
169-34,169,34,N,,,
169-36,169,36,N,,,
169-38,169,38,N,,,
170-21,170,21,S?,,,
170-22,170,22,S?,,,
170-23,170,23,Y,,,
170-24,170,24,Y,,,
170-39,170,39,n/a,,,
171-2,171,2,0,,,
171-3,171,3,2,,,
171-6,171,6,0,,,
171-7,171,7,0,,,
171-8,171,8,0,,,
171-9,171,9,2,,,
171-11,171,11,0,,,
171-12,171,12,4,,,
171-13,171,13,0,,,
171-14,171,14,-4,,,
171-15,171,15,4,,,
171-16,171,16,0,,,
171-21,171,21,A?,,,
171-22,171,22,A?,,,
171-23,171,23,N,,,
171-24,171,24,N,,,
171-25,171,25,-,,,
171-34,171,34,N,,,
171-35,171,35,3,,,
171-39,171,39,n/a,,,
172-2,172,2,2,,,
172-3,172,3,2,,,
172-5,172,5,NP,,,
172-6,172,6,2,,,
172-7,172,7,2,,,
172-8,172,8,4,,,
172-9,172,9,4,,,
172-11,172,11,6,,,
172-12,172,12,6,,,
172-13,172,13,0,,,
172-14,172,14,0,,,
172-15,172,15,12,,,
172-16,172,16,"0,5",,,
172-19,172,19,A,,,
172-20,172,20,A,,,
172-21,172,21,A,,,
172-22,172,22,A,,,
172-23,172,23,Y,,,
172-25,172,25,N,,,
172-34,172,34,N,,,
172-35,172,35,3,,,
172-36,172,36,N,,,
172-37,172,37,N,,,
172-38,172,38,Y,,,
172-39,172,39,Y,,,
172-40,172,40,Y,,,
172-41,172,41,Y,,,
172-44,172,44,Y,,,
173-23,173,23,Y,,,
173-24,173,24,Y,,,
173-34,173,34,Y,,,
173-34x,173,34x,50,,,
173-39,173,39,n/a,,,
174-2,174,2,1,,,
174-3,174,3,2,,,
174-8,174,8,1,,,
174-9,174,9,2,,,
174-10,174,10,4,,,
174-11,174,11,2,,,
174-12,174,12,4,,,
174-13,174,13,4,,,
174-14,174,14,-6,,,
174-15,174,15,10,,,
174-16,174,16,"0,2",,,
174-19,174,19,N?,,,
174-20,174,20,N?,,,
174-21,174,21,S,,,
174-22,174,22,S,,,
174-23,174,23,Y,,,
174-25,174,25,Y,,,
174-33,174,33,Y,,,
174-34,174,34,Y,,,
174-36,174,36,N,,,
174-37,174,37,N,,,
174-38,174,38,Y,,,
174-39,174,39,Y,,,
